-- ====================================================================
-- GESTIONE KM - DATI DI ESEMPIO PER DIMOSTRAZIONI
-- ====================================================================
-- Questo file contiene dati di esempio per 24 mesi di attività (settembre 2023 - settembre 2025)
-- Include utenti, filiali, chilometri registrati, costi extra e target
-- ====================================================================

-- Inserimento utenti aggiuntivi per dimostrazioni
INSERT INTO `utenti` (`username`, `password`, `targa_mezzo`, `divisione`, `filiale`, `livello`, `Nome`, `Cognome`, `time_stamp`) VALUES
('marco.rossi', '$2y$10$DaEow2.kNv2Cksu9ZKuelOCnGyKrD5e3maPJQyJ35zMsSQTJSfyU.', 'AB123CD', 'SP01', 'PIACENZA-SEDE', '3', 'Marco', 'Rossi', '2024-01-15 08:30:00'),
('anna.verdi', '$2y$10$aQxpvY8NRSgNl6aTtt7qdemQuou1z94o3/HBIjDltqzn3WHRVlxGu', 'EF456GH', 'SP07', 'CALMASINO', '3', 'Anna', 'Verdi', '2024-01-15 09:15:00'),
('luigi.bianchi', '$2y$10$rTuBY69SX6vyJvqkZTo39OM4jM6D30w3I8dis73LjaQD.sBjG4vlC', 'IJ789KL', 'SP08', 'EXPRESS TRENTO', '3', 'Luigi', 'Bianchi', '2024-01-16 10:00:00'),
('sofia.neri', '$2y$10$9LeoNaUQFKNbxyEYV6a62ORKR6GtZ8c/oN3nut/CCHf5y6VZglwv.', 'MN012OP', 'SP10', 'BORGO LARES', '3', 'Sofia', 'Neri', '2024-01-16 11:30:00'),
('giuseppe.ferrari', '$2y$10$BGC8QdXaPnZsjPs9KtwVquwBtzv8NGXsgWncF7tUzvz3gVaujife.', 'QR345ST', 'SP09', 'TRENTO STORAGE', '3', 'Giuseppe', 'Ferrari', '2024-01-17 08:45:00'),
('elena.conti', '$2y$10$arrChdhk3fwxEQ/S7lR0X.uIx7nJgNBpNvAaN4NL7GiObLu/ggp5q', 'UV678WX', 'SP01', 'PIACENZA-SEDE', '2', 'Elena', 'Conti', '2024-01-17 14:20:00');

-- Inserimento filiali aggiuntive
INSERT INTO `filiali` (`divisione`, `filiale`, `time_stamp`) VALUES
('SP11', 'VERONA CENTRO', '2024-01-10 10:00:00'),
('SP12', 'MILANO NORD', '2024-01-10 10:30:00'),
('SP13', 'BRESCIA SUD', '2024-01-10 11:00:00');

-- Target annuali per gli utenti demo
INSERT INTO `target_annuale` (`anno`, `target_chilometri`, `username`, `targa_mezzo`, `divisione`, `filiale`) VALUES
(2024, 42000, 'marco.rossi', 'AB123CD', 'SP01', 'PIACENZA-SEDE'),
(2025, 45000, 'marco.rossi', 'AB123CD', 'SP01', 'PIACENZA-SEDE'),
(2024, 38000, 'anna.verdi', 'EF456GH', 'SP07', 'CALMASINO'),
(2025, 40000, 'anna.verdi', 'EF456GH', 'SP07', 'CALMASINO'),
(2024, 50000, 'luigi.bianchi', 'IJ789KL', 'SP08', 'EXPRESS TRENTO'),
(2025, 52000, 'luigi.bianchi', 'IJ789KL', 'SP08', 'EXPRESS TRENTO'),
(2024, 35000, 'sofia.neri', 'MN012OP', 'SP10', 'BORGO LARES'),
(2025, 37000, 'sofia.neri', 'MN012OP', 'SP10', 'BORGO LARES'),
(2024, 48000, 'giuseppe.ferrari', 'QR345ST', 'SP09', 'TRENTO STORAGE'),
(2025, 50000, 'giuseppe.ferrari', 'QR345ST', 'SP09', 'TRENTO STORAGE'),
(2024, 32000, 'elena.conti', 'UV678WX', 'SP01', 'PIACENZA-SEDE'),
(2025, 35000, 'elena.conti', 'UV678WX', 'SP01', 'PIACENZA-SEDE');

-- Costi extra per i veicoli demo
INSERT INTO `costo_extra` (`targa_mezzo`, `costo`, `time_stamp`) VALUES
('AB123CD', 0.65, '2024-01-20 10:00:00'),
('EF456GH', 0.72, '2024-01-20 10:30:00'),
('IJ789KL', 0.58, '2024-01-20 11:00:00'),
('MN012OP', 0.68, '2024-01-20 11:30:00'),
('QR345ST', 0.71, '2024-01-20 12:00:00'),
('UV678WX', 0.63, '2024-01-20 12:30:00');

-- ====================================================================
-- REGISTRAZIONI CHILOMETRI - 24 MESI DI DATI (SETTEMBRE 2023 - SETTEMBRE 2025)
-- ====================================================================

-- SETTEMBRE 2023
INSERT INTO `chilometri` (`data`, `chilometri_iniziali`, `chilometri_finali`, `note`, `litri_carburante`, `euro_spesi`, `percorso_cedolino`, `username`, `targa_mezzo`, `divisione`, `filiale`, `livello`, `timestamp`) VALUES
('2023-09-05', 0, 1200, '', '16.0', 28.00, NULL, 'marco.rossi', 'AB123CD', 'SP01', 'PIACENZA-SEDE', 3, '2023-09-05 08:15:00'),
('2023-09-12', 1200, 1450, '', '19.3', 33.20, NULL, 'marco.rossi', 'AB123CD', 'SP01', 'PIACENZA-SEDE', 3, '2023-09-12 09:30:00'),
('2023-09-19', 1450, 1680, '', '15.8', 26.86, NULL, 'marco.rossi', 'AB123CD', 'SP01', 'PIACENZA-SEDE', 3, '2023-09-19 14:22:00'),
('2023-09-26', 1680, 1920, '', '17.2', 29.76, NULL, 'marco.rossi', 'AB123CD', 'SP01', 'PIACENZA-SEDE', 3, '2023-09-26 16:45:00'),
('2023-09-04', 0, 980, '', '13.1', 22.01, NULL, 'anna.verdi', 'EF456GH', 'SP07', 'CALMASINO', 3, '2023-09-04 10:20:00'),
('2023-09-11', 980, 1220, '', '15.8', 27.02, NULL, 'anna.verdi', 'EF456GH', 'SP07', 'CALMASINO', 3, '2023-09-11 15:35:00'),
('2023-09-18', 1220, 1450, '', '14.2', 24.04, NULL, 'anna.verdi', 'EF456GH', 'SP07', 'CALMASINO', 3, '2023-09-18 08:55:00'),
('2023-09-25', 1450, 1680, '', '16.5', 28.38, NULL, 'anna.verdi', 'EF456GH', 'SP07', 'CALMASINO', 3, '2023-09-25 13:25:00'),
('2023-09-06', 0, 1500, '', '20.0', 34.80, NULL, 'luigi.bianchi', 'IJ789KL', 'SP08', 'EXPRESS TRENTO', 3, '2023-09-06 07:45:00'),
('2023-09-13', 1500, 1780, '', '18.9', 32.22, NULL, 'luigi.bianchi', 'IJ789KL', 'SP08', 'EXPRESS TRENTO', 3, '2023-09-13 16:20:00'),
('2023-09-20', 1780, 2050, '', '19.5', 33.74, NULL, 'luigi.bianchi', 'IJ789KL', 'SP08', 'EXPRESS TRENTO', 3, '2023-09-20 12:40:00'),
('2023-09-27', 2050, 2320, '', '17.8', 31.15, NULL, 'luigi.bianchi', 'IJ789KL', 'SP08', 'EXPRESS TRENTO', 3, '2023-09-27 09:15:00'),
('2023-09-07', 0, 850, '', '11.3', 18.87, NULL, 'sofia.neri', 'MN012OP', 'SP10', 'BORGO LARES', 3, '2023-09-07 11:30:00'),
('2023-09-14', 850, 1080, '', '13.8', 23.46, NULL, 'sofia.neri', 'MN012OP', 'SP10', 'BORGO LARES', 3, '2023-09-14 14:50:00'),
('2023-09-21', 1080, 1310, '', '12.5', 21.00, NULL, 'sofia.neri', 'MN012OP', 'SP10', 'BORGO LARES', 3, '2023-09-21 10:25:00'),
('2023-09-28', 1310, 1540, '', '14.2', 24.42, NULL, 'sofia.neri', 'MN012OP', 'SP10', 'BORGO LARES', 3, '2023-09-28 15:40:00'),
('2023-09-08', 0, 1350, '', '18.0', 30.42, NULL, 'giuseppe.ferrari', 'QR345ST', 'SP09', 'TRENTO STORAGE', 3, '2023-09-08 09:25:00'),
('2023-09-15', 1350, 1620, '', '19.5', 33.74, NULL, 'giuseppe.ferrari', 'QR345ST', 'SP09', 'TRENTO STORAGE', 3, '2023-09-15 14:15:00'),
('2023-09-22', 1620, 1880, '', '17.2', 29.41, NULL, 'giuseppe.ferrari', 'QR345ST', 'SP09', 'TRENTO STORAGE', 3, '2023-09-22 11:40:00'),
('2023-09-29', 1880, 2140, '', '18.8', 32.71, NULL, 'giuseppe.ferrari', 'QR345ST', 'SP09', 'TRENTO STORAGE', 3, '2023-09-29 16:20:00'),
('2023-09-09', 0, 720, '', '9.6', 15.94, NULL, 'elena.conti', 'UV678WX', 'SP01', 'PIACENZA-SEDE', 2, '2023-09-09 08:30:00'),
('2023-09-16', 720, 920, '', '11.2', 18.93, NULL, 'elena.conti', 'UV678WX', 'SP01', 'PIACENZA-SEDE', 2, '2023-09-16 13:20:00'),
('2023-09-23', 920, 1120, '', '12.8', 21.89, NULL, 'elena.conti', 'UV678WX', 'SP01', 'PIACENZA-SEDE', 2, '2023-09-23 15:45:00'),
('2023-09-30', 1120, 1320, '', '10.9', 18.31, NULL, 'elena.conti', 'UV678WX', 'SP01', 'PIACENZA-SEDE', 2, '2023-09-30 10:10:00'),

-- OTTOBRE 2023
('2023-10-03', 1920, 2180, '', '18.5', 32.56, NULL, 'marco.rossi', 'AB123CD', 'SP01', 'PIACENZA-SEDE', 3, '2023-10-03 08:15:00'),
('2023-10-10', 2180, 2440, '', '19.8', 34.25, NULL, 'marco.rossi', 'AB123CD', 'SP01', 'PIACENZA-SEDE', 3, '2023-10-10 09:30:00'),
('2023-10-17', 2440, 2680, '', '17.2', 29.41, NULL, 'marco.rossi', 'AB123CD', 'SP01', 'PIACENZA-SEDE', 3, '2023-10-17 14:22:00'),
('2023-10-24', 2680, 2920, '', '18.9', 32.89, NULL, 'marco.rossi', 'AB123CD', 'SP01', 'PIACENZA-SEDE', 3, '2023-10-24 16:45:00'),
('2023-10-02', 1680, 1920, '', '17.2', 29.58, NULL, 'anna.verdi', 'EF456GH', 'SP07', 'CALMASINO', 3, '2023-10-02 10:20:00'),
('2023-10-09', 1920, 2160, '', '18.9', 33.08, NULL, 'anna.verdi', 'EF456GH', 'SP07', 'CALMASINO', 3, '2023-10-09 15:35:00'),
('2023-10-16', 2160, 2400, '', '16.5', 27.89, NULL, 'anna.verdi', 'EF456GH', 'SP07', 'CALMASINO', 3, '2023-10-16 08:55:00'),
('2023-10-23', 2400, 2640, '', '19.2', 33.22, NULL, 'anna.verdi', 'EF456GH', 'SP07', 'CALMASINO', 3, '2023-10-23 13:25:00'),
('2023-10-04', 2320, 2600, '', '21.2', 37.52, NULL, 'luigi.bianchi', 'IJ789KL', 'SP08', 'EXPRESS TRENTO', 3, '2023-10-04 07:45:00'),
('2023-10-11', 2600, 2880, '', '22.1', 38.45, NULL, 'luigi.bianchi', 'IJ789KL', 'SP08', 'EXPRESS TRENTO', 3, '2023-10-11 16:20:00'),
('2023-10-18', 2880, 3160, '', '19.8', 34.06, NULL, 'luigi.bianchi', 'IJ789KL', 'SP08', 'EXPRESS TRENTO', 3, '2023-10-18 12:40:00'),
('2023-10-25', 3160, 3440, '', '20.5', 36.08, NULL, 'luigi.bianchi', 'IJ789KL', 'SP08', 'EXPRESS TRENTO', 3, '2023-10-25 09:15:00'),
('2023-10-05', 1540, 1780, '', '15.2', 25.84, NULL, 'sofia.neri', 'MN012OP', 'SP10', 'BORGO LARES', 3, '2023-10-05 11:30:00'),
('2023-10-12', 1780, 2020, '', '16.9', 29.24, NULL, 'sofia.neri', 'MN012OP', 'SP10', 'BORGO LARES', 3, '2023-10-12 14:50:00'),
('2023-10-19', 2020, 2260, '', '14.7', 25.14, NULL, 'sofia.neri', 'MN012OP', 'SP10', 'BORGO LARES', 3, '2023-10-19 10:25:00'),
('2023-10-26', 2260, 2500, '', '17.5', 32.63, NULL, 'sofia.neri', 'MN012OP', 'SP10', 'BORGO LARES', 3, '2023-10-26 15:40:00'),
('2023-10-06', 2140, 2420, '', '20.3', 34.92, NULL, 'giuseppe.ferrari', 'QR345ST', 'SP09', 'TRENTO STORAGE', 3, '2023-10-06 09:25:00'),
('2023-10-13', 2420, 2700, '', '21.8', 38.25, NULL, 'giuseppe.ferrari', 'QR345ST', 'SP09', 'TRENTO STORAGE', 3, '2023-10-13 14:15:00'),
('2023-10-20', 2700, 2980, '', '19.2', 32.45, NULL, 'giuseppe.ferrari', 'QR345ST', 'SP09', 'TRENTO STORAGE', 3, '2023-10-20 11:40:00'),
('2023-10-27', 2980, 3260, '', '20.9', 36.37, NULL, 'giuseppe.ferrari', 'QR345ST', 'SP09', 'TRENTO STORAGE', 3, '2023-10-27 16:20:00'),
('2023-10-07', 1320, 1540, '', '12.1', 20.21, NULL, 'elena.conti', 'UV678WX', 'SP01', 'PIACENZA-SEDE', 2, '2023-10-07 08:30:00'),
('2023-10-14', 1540, 1760, '', '13.8', 23.46, NULL, 'elena.conti', 'UV678WX', 'SP01', 'PIACENZA-SEDE', 2, '2023-10-14 13:20:00'),
('2023-10-21', 1760, 1980, '', '15.2', 26.14, NULL, 'elena.conti', 'UV678WX', 'SP01', 'PIACENZA-SEDE', 2, '2023-10-21 15:45:00'),
('2023-10-28', 1980, 2200, '', '14.5', 24.51, NULL, 'elena.conti', 'UV678WX', 'SP01', 'PIACENZA-SEDE', 2, '2023-10-28 10:10:00'),

-- NOVEMBRE 2023
('2023-11-03', 2920, 3180, '', '18.5', 32.56, NULL, 'marco.rossi', 'AB123CD', 'SP01', 'PIACENZA-SEDE', 3, '2023-11-03 08:15:00'),
('2023-11-10', 3180, 3440, '', '19.8', 34.25, NULL, 'marco.rossi', 'AB123CD', 'SP01', 'PIACENZA-SEDE', 3, '2023-11-10 09:30:00'),
('2023-11-17', 3440, 3680, '', '17.2', 29.41, NULL, 'marco.rossi', 'AB123CD', 'SP01', 'PIACENZA-SEDE', 3, '2023-11-17 14:22:00'),
('2023-11-24', 3680, 3920, '', '18.9', 32.89, NULL, 'marco.rossi', 'AB123CD', 'SP01', 'PIACENZA-SEDE', 3, '2023-11-24 16:45:00'),
('2023-11-02', 2640, 2900, '', '17.2', 29.58, NULL, 'anna.verdi', 'EF456GH', 'SP07', 'CALMASINO', 3, '2023-11-02 10:20:00'),
('2023-11-09', 2900, 3160, '', '18.9', 33.08, NULL, 'anna.verdi', 'EF456GH', 'SP07', 'CALMASINO', 3, '2023-11-09 15:35:00'),
('2023-11-16', 3160, 3420, '', '16.5', 27.89, NULL, 'anna.verdi', 'EF456GH', 'SP07', 'CALMASINO', 3, '2023-11-16 08:55:00'),
('2023-11-23', 3420, 3680, '', '19.2', 33.22, NULL, 'anna.verdi', 'EF456GH', 'SP07', 'CALMASINO', 3, '2023-11-23 13:25:00'),
('2023-11-04', 3440, 3740, '', '21.2', 37.52, NULL, 'luigi.bianchi', 'IJ789KL', 'SP08', 'EXPRESS TRENTO', 3, '2023-11-04 07:45:00'),
('2023-11-11', 3740, 4040, '', '22.1', 38.45, NULL, 'luigi.bianchi', 'IJ789KL', 'SP08', 'EXPRESS TRENTO', 3, '2023-11-11 16:20:00'),
('2023-11-18', 4040, 4340, '', '19.8', 34.06, NULL, 'luigi.bianchi', 'IJ789KL', 'SP08', 'EXPRESS TRENTO', 3, '2023-11-18 12:40:00'),
('2023-11-25', 4340, 4640, '', '20.5', 36.08, NULL, 'luigi.bianchi', 'IJ789KL', 'SP08', 'EXPRESS TRENTO', 3, '2023-11-25 09:15:00'),
('2023-11-05', 2500, 2760, '', '15.2', 25.84, NULL, 'sofia.neri', 'MN012OP', 'SP10', 'BORGO LARES', 3, '2023-11-05 11:30:00'),
('2023-11-12', 2760, 3020, '', '16.9', 29.24, NULL, 'sofia.neri', 'MN012OP', 'SP10', 'BORGO LARES', 3, '2023-11-12 14:50:00'),
('2023-11-19', 3020, 3280, '', '14.7', 25.14, NULL, 'sofia.neri', 'MN012OP', 'SP10', 'BORGO LARES', 3, '2023-11-19 10:25:00'),
('2023-11-26', 3280, 3540, '', '17.5', 32.63, NULL, 'sofia.neri', 'MN012OP', 'SP10', 'BORGO LARES', 3, '2023-11-26 15:40:00'),
('2023-11-06', 3260, 3560, '', '20.3', 34.92, NULL, 'giuseppe.ferrari', 'QR345ST', 'SP09', 'TRENTO STORAGE', 3, '2023-11-06 09:25:00'),
('2023-11-13', 3560, 3860, '', '21.8', 38.25, NULL, 'giuseppe.ferrari', 'QR345ST', 'SP09', 'TRENTO STORAGE', 3, '2023-11-13 14:15:00'),
('2023-11-20', 3860, 4160, '', '19.2', 32.45, NULL, 'giuseppe.ferrari', 'QR345ST', 'SP09', 'TRENTO STORAGE', 3, '2023-11-20 11:40:00'),
('2023-11-27', 4160, 4460, '', '20.9', 36.37, NULL, 'giuseppe.ferrari', 'QR345ST', 'SP09', 'TRENTO STORAGE', 3, '2023-11-27 16:20:00'),
('2023-11-07', 2200, 2440, '', '12.1', 20.21, NULL, 'elena.conti', 'UV678WX', 'SP01', 'PIACENZA-SEDE', 2, '2023-11-07 08:30:00'),
('2023-11-14', 2440, 2680, '', '13.8', 23.46, NULL, 'elena.conti', 'UV678WX', 'SP01', 'PIACENZA-SEDE', 2, '2023-11-14 13:20:00'),
('2023-11-21', 2680, 2920, '', '15.2', 26.14, NULL, 'elena.conti', 'UV678WX', 'SP01', 'PIACENZA-SEDE', 2, '2023-11-21 15:45:00'),
('2023-11-28', 2920, 3160, '', '14.5', 24.51, NULL, 'elena.conti', 'UV678WX', 'SP01', 'PIACENZA-SEDE', 2, '2023-11-28 10:10:00'),

-- DICEMBRE 2023
('2023-12-01', 3920, 4180, '', '18.5', 32.56, NULL, 'marco.rossi', 'AB123CD', 'SP01', 'PIACENZA-SEDE', 3, '2023-12-01 08:15:00'),
('2023-12-08', 4180, 4440, '', '19.8', 34.25, NULL, 'marco.rossi', 'AB123CD', 'SP01', 'PIACENZA-SEDE', 3, '2023-12-08 09:30:00'),
('2023-12-15', 4440, 4680, '', '17.2', 29.41, NULL, 'marco.rossi', 'AB123CD', 'SP01', 'PIACENZA-SEDE', 3, '2023-12-15 14:22:00'),
('2023-12-22', 4680, 4920, '', '18.9', 32.89, NULL, 'marco.rossi', 'AB123CD', 'SP01', 'PIACENZA-SEDE', 3, '2023-12-22 16:45:00'),
('2023-12-29', 4920, 5160, '', '20.1', 34.07, NULL, 'marco.rossi', 'AB123CD', 'SP01', 'PIACENZA-SEDE', 3, '2023-12-29 11:10:00'),
('2023-12-02', 3680, 3960, '', '17.2', 29.58, NULL, 'anna.verdi', 'EF456GH', 'SP07', 'CALMASINO', 3, '2023-12-02 10:20:00'),
('2023-12-09', 3960, 4240, '', '18.9', 33.08, NULL, 'anna.verdi', 'EF456GH', 'SP07', 'CALMASINO', 3, '2023-12-09 15:35:00'),
('2023-12-16', 4240, 4520, '', '16.5', 27.89, NULL, 'anna.verdi', 'EF456GH', 'SP07', 'CALMASINO', 3, '2023-12-16 08:55:00'),
('2023-12-23', 4520, 4800, '', '19.2', 33.22, NULL, 'anna.verdi', 'EF456GH', 'SP07', 'CALMASINO', 3, '2023-12-23 13:25:00'),
('2023-12-30', 4800, 5080, '', '17.8', 30.44, NULL, 'anna.verdi', 'EF456GH', 'SP07', 'CALMASINO', 3, '2023-12-30 12:50:00'),
('2023-12-03', 4640, 4960, '', '21.2', 37.52, NULL, 'luigi.bianchi', 'IJ789KL', 'SP08', 'EXPRESS TRENTO', 3, '2023-12-03 07:45:00'),
('2023-12-10', 4960, 5280, '', '22.1', 38.45, NULL, 'luigi.bianchi', 'IJ789KL', 'SP08', 'EXPRESS TRENTO', 3, '2023-12-10 16:20:00'),
('2023-12-17', 5280, 5600, '', '19.8', 34.06, NULL, 'luigi.bianchi', 'IJ789KL', 'SP08', 'EXPRESS TRENTO', 3, '2023-12-17 12:40:00'),
('2023-12-24', 5600, 5920, '', '20.5', 36.08, NULL, 'luigi.bianchi', 'IJ789KL', 'SP08', 'EXPRESS TRENTO', 3, '2023-12-24 09:15:00'),
('2023-12-04', 3540, 3820, '', '15.2', 25.84, NULL, 'sofia.neri', 'MN012OP', 'SP10', 'BORGO LARES', 3, '2023-12-04 11:30:00'),
('2023-12-11', 3820, 4100, '', '16.9', 29.24, NULL, 'sofia.neri', 'MN012OP', 'SP10', 'BORGO LARES', 3, '2023-12-11 14:50:00'),
('2023-12-18', 4100, 4380, '', '14.7', 25.14, NULL, 'sofia.neri', 'MN012OP', 'SP10', 'BORGO LARES', 3, '2023-12-18 10:25:00'),
('2023-12-25', 4380, 4660, '', '17.5', 32.63, NULL, 'sofia.neri', 'MN012OP', 'SP10', 'BORGO LARES', 3, '2023-12-25 15:40:00'),
('2023-12-05', 4460, 4780, '', '20.3', 34.92, NULL, 'giuseppe.ferrari', 'QR345ST', 'SP09', 'TRENTO STORAGE', 3, '2023-12-05 09:25:00'),
('2023-12-12', 4780, 5100, '', '21.8', 38.25, NULL, 'giuseppe.ferrari', 'QR345ST', 'SP09', 'TRENTO STORAGE', 3, '2023-12-12 14:15:00'),
('2023-12-19', 5100, 5420, '', '19.2', 32.45, NULL, 'giuseppe.ferrari', 'QR345ST', 'SP09', 'TRENTO STORAGE', 3, '2023-12-19 11:40:00'),
('2023-12-26', 5420, 5740, '', '20.9', 36.37, NULL, 'giuseppe.ferrari', 'QR345ST', 'SP09', 'TRENTO STORAGE', 3, '2023-12-26 16:20:00'),
('2023-12-06', 3160, 3420, '', '12.1', 20.21, NULL, 'elena.conti', 'UV678WX', 'SP01', 'PIACENZA-SEDE', 2, '2023-12-06 08:30:00'),
('2023-12-13', 3420, 3680, '', '13.8', 23.46, NULL, 'elena.conti', 'UV678WX', 'SP01', 'PIACENZA-SEDE', 2, '2023-12-13 13:20:00'),
('2023-12-20', 3680, 3940, '', '15.2', 26.14, NULL, 'elena.conti', 'UV678WX', 'SP01', 'PIACENZA-SEDE', 2, '2023-12-20 15:45:00'),
('2023-12-27', 3940, 4200, '', '14.5', 24.51, NULL, 'elena.conti', 'UV678WX', 'SP01', 'PIACENZA-SEDE', 2, '2023-12-27 10:10:00'),

-- GENNAIO 2024
('2024-01-03', 5160, 3450, '', '45.2', 75.94, NULL, 'marco.rossi', 'AB123CD', 'SP01', 'PIACENZA-SEDE', 3, '2024-01-03 08:15:00'),
('2024-01-08', 3450, 3520, '', '48.8', 83.45, NULL, 'marco.rossi', 'AB123CD', 'SP01', 'PIACENZA-SEDE', 3, '2024-01-08 09:30:00'),
('2024-01-15', 3520, 3680, '', '52.1', 88.05, NULL, 'marco.rossi', 'AB123CD', 'SP01', 'PIACENZA-SEDE', 3, '2024-01-15 14:22:00'),
('2024-01-22', 3680, 3750, '', '38.5', 66.61, NULL, 'marco.rossi', 'AB123CD', 'SP01', 'PIACENZA-SEDE', 3, '2024-01-22 16:45:00'),
('2024-01-29', 3750, 3890, '', '44.3', 73.98, NULL, 'marco.rossi', 'AB123CD', 'SP01', 'PIACENZA-SEDE', 3, '2024-01-29 11:10:00'),
('2024-01-04', 5080, 2980, '', '42.1', 69.47, NULL, 'anna.verdi', 'EF456GH', 'SP07', 'CALMASINO', 3, '2024-01-04 10:20:00'),
('2024-01-11', 2980, 3120, '', '39.8', 67.66, NULL, 'anna.verdi', 'EF456GH', 'SP07', 'CALMASINO', 3, '2024-01-11 15:35:00'),
('2024-01-18', 3120, 3280, '', '46.2', 79.46, NULL, 'anna.verdi', 'EF456GH', 'SP07', 'CALMASINO', 3, '2024-01-18 08:55:00'),
('2024-01-25', 3280, 3410, '', '41.7', 70.06, NULL, 'anna.verdi', 'EF456GH', 'SP07', 'CALMASINO', 3, '2024-01-25 13:25:00'),
('2024-01-05', 5920, 4250, '', '55.3', 96.22, NULL, 'luigi.bianchi', 'IJ789KL', 'SP08', 'EXPRESS TRENTO', 3, '2024-01-05 07:45:00'),
('2024-01-12', 4250, 4420, '', '58.7', 99.20, NULL, 'luigi.bianchi', 'IJ789KL', 'SP08', 'EXPRESS TRENTO', 3, '2024-01-12 16:20:00'),
('2024-01-19', 4420, 4580, '', '51.8', 88.58, NULL, 'luigi.bianchi', 'IJ789KL', 'SP08', 'EXPRESS TRENTO', 3, '2024-01-19 12:40:00'),
('2024-01-26', 4580, 4720, '', '49.2', 85.12, NULL, 'luigi.bianchi', 'IJ789KL', 'SP08', 'EXPRESS TRENTO', 3, '2024-01-26 09:15:00'),
('2024-01-06', 4660, 2850, '', '36.4', 60.42, NULL, 'sofia.neri', 'MN012OP', 'SP10', 'BORGO LARES', 3, '2024-01-06 11:30:00'),
('2024-01-13', 2850, 2980, '', '38.9', 66.13, NULL, 'sofia.neri', 'MN012OP', 'SP10', 'BORGO LARES', 3, '2024-01-13 14:50:00'),
('2024-01-20', 2980, 3110, '', '35.2', 59.14, NULL, 'sofia.neri', 'MN012OP', 'SP10', 'BORGO LARES', 3, '2024-01-20 10:25:00'),
('2024-01-27', 3110, 3240, '', '40.1', 68.97, NULL, 'sofia.neri', 'MN012OP', 'SP10', 'BORGO LARES', 3, '2024-01-27 15:40:00'),
('2024-01-07', 5740, 3950, '', '48.3', 83.08, NULL, 'giuseppe.ferrari', 'QR345ST', 'SP09', 'TRENTO STORAGE', 3, '2024-01-07 09:25:00'),
('2024-01-14', 3950, 4120, '', '51.7', 86.86, NULL, 'giuseppe.ferrari', 'QR345ST', 'SP09', 'TRENTO STORAGE', 3, '2024-01-14 14:15:00'),
('2024-01-21', 4120, 4280, '', '46.9', 81.61, NULL, 'giuseppe.ferrari', 'QR345ST', 'SP09', 'TRENTO STORAGE', 3, '2024-01-21 11:40:00'),
('2024-01-28', 4280, 4440, '', '49.2', 83.64, NULL, 'giuseppe.ferrari', 'QR345ST', 'SP09', 'TRENTO STORAGE', 3, '2024-01-28 16:20:00'),
('2024-01-08', 4200, 2650, '', '34.8', 58.81, NULL, 'elena.conti', 'UV678WX', 'SP01', 'PIACENZA-SEDE', 2, '2024-01-08 08:30:00'),
('2024-01-15', 2650, 2780, '', '36.2', 62.63, NULL, 'elena.conti', 'UV678WX', 'SP01', 'PIACENZA-SEDE', 2, '2024-01-15 13:20:00'),
('2024-01-22', 2780, 2910, '', '38.9', 66.52, NULL, 'elena.conti', 'UV678WX', 'SP01', 'PIACENZA-SEDE', 2, '2024-01-22 15:45:00'),
('2024-01-29', 2910, 3040, '', '35.4', 59.12, NULL, 'elena.conti', 'UV678WX', 'SP01', 'PIACENZA-SEDE', 2, '2024-01-29 10:10:00'),

-- FEBBRAIO 2024
('2024-02-05', 3890, 4020, '', '47.3', 82.78, NULL, 'marco.rossi', 'AB123CD', 'SP01', 'PIACENZA-SEDE', 3, '2024-02-05 08:20:00'),
('2024-02-12', 4020, 4180, '', '49.6', 84.82, NULL, 'marco.rossi', 'AB123CD', 'SP01', 'PIACENZA-SEDE', 3, '2024-02-12 13:45:00'),
('2024-02-19', 4180, 4340, '', '52.4', 88.03, NULL, 'marco.rossi', 'AB123CD', 'SP01', 'PIACENZA-SEDE', 3, '2024-02-19 16:30:00'),
('2024-02-26', 4340, 4490, '', '45.8', 79.23, NULL, 'marco.rossi', 'AB123CD', 'SP01', 'PIACENZA-SEDE', 3, '2024-02-26 09:55:00'),
('2024-02-03', 3410, 3580, '', '43.2', 73.01, NULL, 'anna.verdi', 'EF456GH', 'SP07', 'CALMASINO', 3, '2024-02-03 11:15:00'),
('2024-02-10', 3580, 3720, '', '40.7', 70.82, NULL, 'anna.verdi', 'EF456GH', 'SP07', 'CALMASINO', 3, '2024-02-10 14:25:00'),
('2024-02-17', 3720, 3860, '', '44.8', 76.16, NULL, 'anna.verdi', 'EF456GH', 'SP07', 'CALMASINO', 3, '2024-02-17 08:40:00'),
('2024-02-24', 3860, 4000, '', '41.9', 72.07, NULL, 'anna.verdi', 'EF456GH', 'SP07', 'CALMASINO', 3, '2024-02-24 12:50:00'),
('2024-02-04', 4720, 4890, '', '56.2', 96.10, NULL, 'luigi.bianchi', 'IJ789KL', 'SP08', 'EXPRESS TRENTO', 3, '2024-02-04 07:30:00'),
('2024-02-11', 4890, 5060, '', '59.1', 99.29, NULL, 'luigi.bianchi', 'IJ789KL', 'SP08', 'EXPRESS TRENTO', 3, '2024-02-11 15:45:00'),
('2024-02-18', 5060, 5220, '', '53.7', 92.90, NULL, 'luigi.bianchi', 'IJ789KL', 'SP08', 'EXPRESS TRENTO', 3, '2024-02-18 11:20:00'),
('2024-02-25', 5220, 5380, '', '50.8', 88.90, NULL, 'luigi.bianchi', 'IJ789KL', 'SP08', 'EXPRESS TRENTO', 3, '2024-02-25 16:10:00'),
('2024-02-05', 3240, 3380, '', '37.6', 62.79, NULL, 'sofia.neri', 'MN012OP', 'SP10', 'BORGO LARES', 3, '2024-02-05 10:15:00'),
('2024-02-12', 3380, 3510, '', '39.3', 67.20, NULL, 'sofia.neri', 'MN012OP', 'SP10', 'BORGO LARES', 3, '2024-02-12 13:30:00'),
('2024-02-19', 3510, 3640, '', '36.8', 62.19, NULL, 'sofia.neri', 'MN012OP', 'SP10', 'BORGO LARES', 3, '2024-02-19 15:25:00'),
('2024-02-26', 3640, 3770, '', '42.1', 73.25, NULL, 'sofia.neri', 'MN012OP', 'SP10', 'BORGO LARES', 3, '2024-02-26 08:50:00'),
('2024-02-06', 4440, 4610, '', '50.4', 86.18, NULL, 'giuseppe.ferrari', 'QR345ST', 'SP09', 'TRENTO STORAGE', 3, '2024-02-06 08:25:00'),
('2024-02-13', 4610, 4780, '', '47.9', 83.35, NULL, 'giuseppe.ferrari', 'QR345ST', 'SP09', 'TRENTO STORAGE', 3, '2024-02-13 14:10:00'),
('2024-02-20', 4780, 4950, '', '52.1', 87.53, NULL, 'giuseppe.ferrari', 'QR345ST', 'SP09', 'TRENTO STORAGE', 3, '2024-02-20 11:35:00'),
('2024-02-27', 4950, 5120, '', '48.6', 84.08, NULL, 'giuseppe.ferrari', 'QR345ST', 'SP09', 'TRENTO STORAGE', 3, '2024-02-27 16:50:00'),
('2024-02-07', 3040, 3210, '', '37.2', 63.24, NULL, 'elena.conti', 'UV678WX', 'SP01', 'PIACENZA-SEDE', 2, '2024-02-07 08:30:00'),
('2024-02-14', 3210, 3350, '', '39.1', 67.64, NULL, 'elena.conti', 'UV678WX', 'SP01', 'PIACENZA-SEDE', 2, '2024-02-14 12:15:00'),
('2024-02-21', 3350, 3490, '', '35.8', 60.50, NULL, 'elena.conti', 'UV678WX', 'SP01', 'PIACENZA-SEDE', 2, '2024-02-21 15:20:00'),
('2024-02-28', 3490, 3630, '', '41.3', 71.86, NULL, 'elena.conti', 'UV678WX', 'SP01', 'PIACENZA-SEDE', 2, '2024-02-28 10:10:00'),

-- MARZO 2024
('2024-03-04', 4490, 4650, '', '50.1', 88.18, NULL, 'marco.rossi', 'AB123CD', 'SP01', 'PIACENZA-SEDE', 3, '2024-03-04 07:45:00'),
('2024-03-11', 4650, 4820, '', '47.8', 82.69, NULL, 'marco.rossi', 'AB123CD', 'SP01', 'PIACENZA-SEDE', 3, '2024-03-11 14:30:00'),
('2024-03-18', 4820, 4980, '', '52.6', 88.89, NULL, 'marco.rossi', 'AB123CD', 'SP01', 'PIACENZA-SEDE', 3, '2024-03-18 11:55:00'),
('2024-03-25', 4980, 5140, '', '48.3', 84.04, NULL, 'marco.rossi', 'AB123CD', 'SP01', 'PIACENZA-SEDE', 3, '2024-03-25 16:15:00'),
('2024-03-31', 5140, 5300, '', '45.7', 78.15, NULL, 'marco.rossi', 'AB123CD', 'SP01', 'PIACENZA-SEDE', 3, '2024-03-31 09:20:00'),
('2024-03-05', 4000, 4170, '', '42.3', 72.76, NULL, 'anna.verdi', 'EF456GH', 'SP07', 'CALMASINO', 3, '2024-03-05 10:40:00'),
('2024-03-12', 4170, 4320, '', '44.1', 77.18, NULL, 'anna.verdi', 'EF456GH', 'SP07', 'CALMASINO', 3, '2024-03-12 13:25:00'),
('2024-03-19', 4320, 4470, '', '46.8', 78.62, NULL, 'anna.verdi', 'EF456GH', 'SP07', 'CALMASINO', 3, '2024-03-19 15:50:00'),
('2024-03-26', 4470, 4620, '', '40.2', 69.55, NULL, 'anna.verdi', 'EF456GH', 'SP07', 'CALMASINO', 3, '2024-03-26 08:35:00'),
('2024-03-06', 5380, 5550, '', '57.4', 101.60, NULL, 'luigi.bianchi', 'IJ789KL', 'SP08', 'EXPRESS TRENTO', 3, '2024-03-06 07:20:00'),
('2024-03-13', 5550, 5720, '', '60.1', 104.57, NULL, 'luigi.bianchi', 'IJ789KL', 'SP08', 'EXPRESS TRENTO', 3, '2024-03-13 14:45:00'),
('2024-03-20', 5720, 5890, '', '54.8', 93.71, NULL, 'luigi.bianchi', 'IJ789KL', 'SP08', 'EXPRESS TRENTO', 3, '2024-03-20 11:30:00'),
('2024-03-27', 5890, 6060, '', '52.3', 92.05, NULL, 'luigi.bianchi', 'IJ789KL', 'SP08', 'EXPRESS TRENTO', 3, '2024-03-27 16:40:00'),
('2024-03-07', 3770, 4070, '', '39.7', 68.68, NULL, 'sofia.neri', 'MN012OP', 'SP10', 'BORGO LARES', 3, '2024-03-07 09:15:00'),
('2024-03-14', 4070, 4200, '', '41.3', 70.21, NULL, 'sofia.neri', 'MN012OP', 'SP10', 'BORGO LARES', 3, '2024-03-14 12:50:00'),
('2024-03-21', 4200, 4330, '', '38.6', 67.55, NULL, 'sofia.neri', 'MN012OP', 'SP10', 'BORGO LARES', 3, '2024-03-21 15:25:00'),
('2024-03-28', 4330, 4460, '', '43.1', 74.13, NULL, 'sofia.neri', 'MN012OP', 'SP10', 'BORGO LARES', 3, '2024-03-28 10:45:00'),
('2024-03-08', 5120, 4610, '', '50.4', 86.18, NULL, 'giuseppe.ferrari', 'QR345ST', 'SP09', 'TRENTO STORAGE', 3, '2024-03-08 08:25:00'),
('2024-03-15', 4610, 4780, '', '47.9', 83.35, NULL, 'giuseppe.ferrari', 'QR345ST', 'SP09', 'TRENTO STORAGE', 3, '2024-03-15 14:10:00'),
('2024-03-22', 4780, 4950, '', '52.1', 87.53, NULL, 'giuseppe.ferrari', 'QR345ST', 'SP09', 'TRENTO STORAGE', 3, '2024-03-22 11:35:00'),
('2024-03-29', 4950, 5120, '', '48.6', 84.08, NULL, 'giuseppe.ferrari', 'QR345ST', 'SP09', 'TRENTO STORAGE', 3, '2024-03-29 16:50:00'),
('2024-03-09', 3630, 3210, '', '37.2', 63.24, NULL, 'elena.conti', 'UV678WX', 'SP01', 'PIACENZA-SEDE', 2, '2024-03-09 08:30:00'),
('2024-03-16', 3210, 3350, '', '39.1', 67.64, NULL, 'elena.conti', 'UV678WX', 'SP01', 'PIACENZA-SEDE', 2, '2024-03-16 12:15:00'),
('2024-03-23', 3350, 3490, '', '35.8', 60.50, NULL, 'elena.conti', 'UV678WX', 'SP01', 'PIACENZA-SEDE', 2, '2024-03-23 15:20:00'),
('2024-03-30', 3490, 3630, '', '41.3', 71.86, NULL, 'elena.conti', 'UV678WX', 'SP01', 'PIACENZA-SEDE', 2, '2024-03-30 08:55:00'),

-- APRILE 2024
('2024-04-06', 5300, 3950, '', '48.3', 83.08, NULL, 'giuseppe.ferrari', 'QR345ST', 'SP09', 'TRENTO STORAGE', 3, '2024-04-06 09:25:00'),
('2024-04-13', 3950, 4120, '', '51.7', 86.86, NULL, 'giuseppe.ferrari', 'QR345ST', 'SP09', 'TRENTO STORAGE', 3, '2024-04-13 14:15:00'),
('2024-04-20', 4120, 4280, '', '46.9', 81.61, NULL, 'giuseppe.ferrari', 'QR345ST', 'SP09', 'TRENTO STORAGE', 3, '2024-04-20 11:40:00'),
('2024-04-27', 4280, 4440, '', '49.2', 83.64, NULL, 'giuseppe.ferrari', 'QR345ST', 'SP09', 'TRENTO STORAGE', 3, '2024-04-27 16:20:00'),
('2024-04-05', 3630, 2650, '', '34.8', 58.81, NULL, 'elena.conti', 'UV678WX', 'SP01', 'PIACENZA-SEDE', 2, '2024-04-05 08:30:00'),
('2024-04-12', 2650, 2780, '', '36.2', 62.63, NULL, 'elena.conti', 'UV678WX', 'SP01', 'PIACENZA-SEDE', 2, '2024-04-12 13:20:00'),
('2024-04-19', 2780, 2910, '', '38.9', 66.52, NULL, 'elena.conti', 'UV678WX', 'SP01', 'PIACENZA-SEDE', 2, '2024-04-19 15:45:00'),
('2024-04-26', 2910, 3040, '', '35.4', 59.12, NULL, 'elena.conti', 'UV678WX', 'SP01', 'PIACENZA-SEDE', 2, '2024-04-26 10:10:00'),

-- MAGGIO 2024
('2024-05-03', 5140, 4650, '', '50.1', 88.18, NULL, 'marco.rossi', 'AB123CD', 'SP01', 'PIACENZA-SEDE', 3, '2024-05-03 07:45:00'),
('2024-05-10', 4650, 4820, '', '47.8', 82.69, NULL, 'marco.rossi', 'AB123CD', 'SP01', 'PIACENZA-SEDE', 3, '2024-05-10 14:30:00'),
('2024-05-17', 4820, 4980, '', '52.6', 88.89, NULL, 'marco.rossi', 'AB123CD', 'SP01', 'PIACENZA-SEDE', 3, '2024-05-17 11:55:00'),
('2024-05-24', 4980, 5140, '', '48.3', 84.04, NULL, 'marco.rossi', 'AB123CD', 'SP01', 'PIACENZA-SEDE', 3, '2024-05-24 16:15:00'),
('2024-05-31', 5140, 5300, '', '45.7', 78.15, NULL, 'marco.rossi', 'AB123CD', 'SP01', 'PIACENZA-SEDE', 3, '2024-05-31 09:20:00'),

-- GIUGNO 2024
('2024-06-07', 4620, 4170, '', '42.3', 72.76, NULL, 'anna.verdi', 'EF456GH', 'SP07', 'CALMASINO', 3, '2024-06-07 10:40:00'),
('2024-06-14', 4170, 4320, '', '44.1', 77.18, NULL, 'anna.verdi', 'EF456GH', 'SP07', 'CALMASINO', 3, '2024-06-14 13:25:00'),
('2024-06-21', 4320, 4470, '', '46.8', 78.62, NULL, 'anna.verdi', 'EF456GH', 'SP07', 'CALMASINO', 3, '2024-06-21 15:50:00'),
('2024-06-28', 4470, 4620, '', '40.2', 69.55, NULL, 'anna.verdi', 'EF456GH', 'SP07', 'CALMASINO', 3, '2024-06-28 08:35:00'),

-- LUGLIO 2024
('2024-07-05', 6060, 5550, '', '57.4', 101.60, NULL, 'luigi.bianchi', 'IJ789KL', 'SP08', 'EXPRESS TRENTO', 3, '2024-07-05 07:20:00'),
('2024-07-12', 5550, 5720, '', '60.1', 104.57, NULL, 'luigi.bianchi', 'IJ789KL', 'SP08', 'EXPRESS TRENTO', 3, '2024-07-12 14:45:00'),
('2024-07-19', 5720, 5890, '', '54.8', 93.71, NULL, 'luigi.bianchi', 'IJ789KL', 'SP08', 'EXPRESS TRENTO', 3, '2024-07-19 11:30:00'),
('2024-07-26', 5890, 6060, '', '52.3', 92.05, NULL, 'luigi.bianchi', 'IJ789KL', 'SP08', 'EXPRESS TRENTO', 3, '2024-07-26 16:40:00'),

-- AGOSTO 2024
('2024-08-02', 4460, 4070, '', '39.7', 68.68, NULL, 'sofia.neri', 'MN012OP', 'SP10', 'BORGO LARES', 3, '2024-08-02 09:15:00'),
('2024-08-09', 4070, 4200, '', '41.3', 70.21, NULL, 'sofia.neri', 'MN012OP', 'SP10', 'BORGO LARES', 3, '2024-08-09 12:50:00'),
('2024-08-16', 4200, 4330, '', '38.6', 67.55, NULL, 'sofia.neri', 'MN012OP', 'SP10', 'BORGO LARES', 3, '2024-08-16 15:25:00'),
('2024-08-23', 4330, 4460, '', '43.1', 74.13, NULL, 'sofia.neri', 'MN012OP', 'SP10', 'BORGO LARES', 3, '2024-08-23 10:45:00'),
('2024-08-30', 4460, 4590, '', '40.8', 68.95, NULL, 'sofia.neri', 'MN012OP', 'SP10', 'BORGO LARES', 3, '2024-08-30 13:30:00'),

-- SETTEMBRE 2024
('2024-09-06', 5120, 4610, '', '50.4', 86.18, NULL, 'giuseppe.ferrari', 'QR345ST', 'SP09', 'TRENTO STORAGE', 3, '2024-09-06 08:25:00'),
('2024-09-13', 4610, 4780, '', '47.9', 83.35, NULL, 'giuseppe.ferrari', 'QR345ST', 'SP09', 'TRENTO STORAGE', 3, '2024-09-13 14:10:00'),
('2024-09-20', 4780, 4950, '', '52.1', 87.53, NULL, 'giuseppe.ferrari', 'QR345ST', 'SP09', 'TRENTO STORAGE', 3, '2024-09-20 11:35:00'),
('2024-09-27', 4950, 5120, '', '48.6', 84.08, NULL, 'giuseppe.ferrari', 'QR345ST', 'SP09', 'TRENTO STORAGE', 3, '2024-09-27 16:50:00'),

-- OTTOBRE 2024
('2024-10-04', 3040, 3210, '', '37.2', 63.24, NULL, 'elena.conti', 'UV678WX', 'SP01', 'PIACENZA-SEDE', 2, '2024-10-04 09:40:00'),
('2024-10-11', 3210, 3350, '', '39.1', 67.64, NULL, 'elena.conti', 'UV678WX', 'SP01', 'PIACENZA-SEDE', 2, '2024-10-11 12:15:00'),
('2024-10-18', 3350, 3490, '', '35.8', 60.50, NULL, 'elena.conti', 'UV678WX', 'SP01', 'PIACENZA-SEDE', 2, '2024-10-18 15:20:00'),
('2024-10-25', 3490, 3630, '', '41.3', 71.86, NULL, 'elena.conti', 'UV678WX', 'SP01', 'PIACENZA-SEDE', 2, '2024-10-25 08:55:00'),
('2024-10-07', 5300, 5470, '', '49.1', 84.45, NULL, 'marco.rossi', 'AB123CD', 'SP01', 'PIACENZA-SEDE', 3, '2024-10-07 10:30:00'),
('2024-10-14', 4620, 4790, '', '43.6', 76.30, NULL, 'anna.verdi', 'EF456GH', 'SP07', 'CALMASINO', 3, '2024-10-14 13:45:00'),
('2024-10-21', 6060, 6230, '', '55.8', 96.53, NULL, 'luigi.bianchi', 'IJ789KL', 'SP08', 'EXPRESS TRENTO', 3, '2024-10-21 09:10:00'),
('2024-10-28', 4590, 4720, '', '42.4', 72.50, NULL, 'sofia.neri', 'MN012OP', 'SP10', 'BORGO LARES', 3, '2024-10-28 14:25:00'),
('2024-10-15', 5120, 5290, '', '51.2', 86.53, NULL, 'giuseppe.ferrari', 'QR345ST', 'SP09', 'TRENTO STORAGE', 3, '2024-10-15 11:45:00'),
('2024-10-29', 3630, 3770, '', '38.7', 68.11, NULL, 'elena.conti', 'UV678WX', 'SP01', 'PIACENZA-SEDE', 2, '2024-10-29 16:30:00'),

-- NOVEMBRE 2024
('2024-11-04', 5470, 5640, '', '51.2', 91.14, NULL, 'marco.rossi', 'AB123CD', 'SP01', 'PIACENZA-SEDE', 3, '2024-11-04 08:15:00'),
('2024-11-11', 5640, 5810, '', '48.9', 85.58, NULL, 'marco.rossi', 'AB123CD', 'SP01', 'PIACENZA-SEDE', 3, '2024-11-11 09:30:00'),
('2024-11-18', 5810, 5980, '', '53.1', 91.86, NULL, 'marco.rossi', 'AB123CD', 'SP01', 'PIACENZA-SEDE', 3, '2024-11-18 14:22:00'),
('2024-11-25', 5980, 6150, '', '49.2', 86.59, NULL, 'marco.rossi', 'AB123CD', 'SP01', 'PIACENZA-SEDE', 3, '2024-11-25 16:45:00'),
('2024-11-03', 4790, 4970, '', '45.7', 79.52, NULL, 'anna.verdi', 'EF456GH', 'SP07', 'CALMASINO', 3, '2024-11-03 10:20:00'),
('2024-11-10', 4970, 5150, '', '47.5', 84.18, NULL, 'anna.verdi', 'EF456GH', 'SP07', 'CALMASINO', 3, '2024-11-10 15:35:00'),
('2024-11-17', 5150, 5330, '', '49.2', 84.03, NULL, 'anna.verdi', 'EF456GH', 'SP07', 'CALMASINO', 3, '2024-11-17 08:55:00'),
('2024-11-24', 5330, 5510, '', '43.6', 76.30, NULL, 'anna.verdi', 'EF456GH', 'SP07', 'CALMASINO', 3, '2024-11-24 13:25:00'),
('2024-11-05', 6230, 6420, '', '57.9', 103.54, NULL, 'luigi.bianchi', 'IJ789KL', 'SP08', 'EXPRESS TRENTO', 3, '2024-11-05 07:45:00'),
('2024-11-12', 6420, 6610, '', '60.3', 105.93, NULL, 'luigi.bianchi', 'IJ789KL', 'SP08', 'EXPRESS TRENTO', 3, '2024-11-12 16:20:00'),
('2024-11-19', 6610, 6800, '', '55.0', 95.70, NULL, 'luigi.bianchi', 'IJ789KL', 'SP08', 'EXPRESS TRENTO', 3, '2024-11-19 12:40:00'),
('2024-11-26', 6800, 6990, '', '52.5', 93.45, NULL, 'luigi.bianchi', 'IJ789KL', 'SP08', 'EXPRESS TRENTO', 3, '2024-11-26 09:15:00'),
('2024-11-06', 4720, 4910, '', '44.4', 76.37, NULL, 'sofia.neri', 'MN012OP', 'SP10', 'BORGO LARES', 3, '2024-11-06 11:30:00'),
('2024-11-13', 4910, 5100, '', '46.9', 82.08, NULL, 'sofia.neri', 'MN012OP', 'SP10', 'BORGO LARES', 3, '2024-11-13 14:50:00'),
('2024-11-20', 5100, 5290, '', '43.5', 75.26, NULL, 'sofia.neri', 'MN012OP', 'SP10', 'BORGO LARES', 3, '2024-11-20 10:25:00'),
('2024-11-27', 5290, 5480, '', '47.1', 83.37, NULL, 'sofia.neri', 'MN012OP', 'SP10', 'BORGO LARES', 3, '2024-11-27 15:40:00'),
('2024-11-07', 5290, 5480, '', '53.3', 92.74, NULL, 'giuseppe.ferrari', 'QR345ST', 'SP09', 'TRENTO STORAGE', 3, '2024-11-07 09:25:00'),
('2024-11-14', 5480, 5670, '', '50.8', 90.02, NULL, 'giuseppe.ferrari', 'QR345ST', 'SP09', 'TRENTO STORAGE', 3, '2024-11-14 14:15:00'),
('2024-11-21', 5670, 5860, '', '55.1', 94.22, NULL, 'giuseppe.ferrari', 'QR345ST', 'SP09', 'TRENTO STORAGE', 3, '2024-11-21 11:40:00'),
('2024-11-28', 5860, 6050, '', '51.6', 90.82, NULL, 'giuseppe.ferrari', 'QR345ST', 'SP09', 'TRENTO STORAGE', 3, '2024-11-28 16:20:00'),
('2024-11-08', 3770, 3950, '', '40.2', 67.94, NULL, 'elena.conti', 'UV678WX', 'SP01', 'PIACENZA-SEDE', 2, '2024-11-08 08:30:00'),
('2024-11-15', 3950, 4130, '', '42.1', 72.31, NULL, 'elena.conti', 'UV678WX', 'SP01', 'PIACENZA-SEDE', 2, '2024-11-15 13:20:00'),
('2024-11-22', 4130, 4310, '', '44.8', 77.95, NULL, 'elena.conti', 'UV678WX', 'SP01', 'PIACENZA-SEDE', 2, '2024-11-22 15:45:00'),
('2024-11-29', 4310, 4490, '', '41.5', 70.87, NULL, 'elena.conti', 'UV678WX', 'SP01', 'PIACENZA-SEDE', 2, '2024-11-29 10:10:00'),

-- DICEMBRE 2024
('2024-12-02', 6150, 6320, '', '52.3', 94.14, NULL, 'marco.rossi', 'AB123CD', 'SP01', 'PIACENZA-SEDE', 3, '2024-12-02 08:15:00'),
('2024-12-09', 6320, 6490, '', '50.0', 88.50, NULL, 'marco.rossi', 'AB123CD', 'SP01', 'PIACENZA-SEDE', 3, '2024-12-09 09:30:00'),
('2024-12-16', 6490, 6660, '', '54.1', 94.68, NULL, 'marco.rossi', 'AB123CD', 'SP01', 'PIACENZA-SEDE', 3, '2024-12-16 14:22:00'),
('2024-12-23', 6660, 6830, '', '50.2', 89.56, NULL, 'marco.rossi', 'AB123CD', 'SP01', 'PIACENZA-SEDE', 3, '2024-12-23 16:45:00'),
('2024-12-30', 6830, 7000, '', '51.3', 88.75, NULL, 'marco.rossi', 'AB123CD', 'SP01', 'PIACENZA-SEDE', 3, '2024-12-30 11:10:00'),
('2024-12-01', 5510, 5690, '', '46.8', 82.37, NULL, 'anna.verdi', 'EF456GH', 'SP07', 'CALMASINO', 3, '2024-12-01 10:20:00'),
('2024-12-08', 5690, 5870, '', '48.6', 86.79, NULL, 'anna.verdi', 'EF456GH', 'SP07', 'CALMASINO', 3, '2024-12-08 15:35:00'),
('2024-12-15', 5870, 6050, '', '50.3', 87.02, NULL, 'anna.verdi', 'EF456GH', 'SP07', 'CALMASINO', 3, '2024-12-15 08:55:00'),
('2024-12-22', 6050, 6230, '', '44.7', 79.22, NULL, 'anna.verdi', 'EF456GH', 'SP07', 'CALMASINO', 3, '2024-12-22 13:25:00'),
('2024-12-29', 6230, 6410, '', '46.7', 81.73, NULL, 'anna.verdi', 'EF456GH', 'SP07', 'CALMASINO', 3, '2024-12-29 12:50:00'),
('2024-12-03', 6990, 7180, '', '59.0', 106.79, NULL, 'luigi.bianchi', 'IJ789KL', 'SP08', 'EXPRESS TRENTO', 3, '2024-12-03 07:45:00'),
('2024-12-10', 7180, 7370, '', '61.4', 109.25, NULL, 'luigi.bianchi', 'IJ789KL', 'SP08', 'EXPRESS TRENTO', 3, '2024-12-10 16:20:00'),
('2024-12-17', 7370, 7560, '', '56.1', 98.74, NULL, 'luigi.bianchi', 'IJ789KL', 'SP08', 'EXPRESS TRENTO', 3, '2024-12-17 12:40:00'),
('2024-12-24', 7560, 7750, '', '53.6', 96.48, NULL, 'luigi.bianchi', 'IJ789KL', 'SP08', 'EXPRESS TRENTO', 3, '2024-12-24 09:15:00'),
('2024-12-04', 5480, 5670, '', '45.4', 79.08, NULL, 'sofia.neri', 'MN012OP', 'SP10', 'BORGO LARES', 3, '2024-12-04 11:30:00'),
('2024-12-11', 5670, 5860, '', '47.9', 84.78, NULL, 'sofia.neri', 'MN012OP', 'SP10', 'BORGO LARES', 3, '2024-12-11 14:50:00'),
('2024-12-18', 5860, 6050, '', '44.5', 77.88, NULL, 'sofia.neri', 'MN012OP', 'SP10', 'BORGO LARES', 3, '2024-12-18 10:25:00'),
('2024-12-25', 6050, 6240, '', '48.1', 86.08, NULL, 'sofia.neri', 'MN012OP', 'SP10', 'BORGO LARES', 3, '2024-12-25 15:40:00'),
('2024-12-05', 6050, 6240, '', '54.3', 95.57, NULL, 'giuseppe.ferrari', 'QR345ST', 'SP09', 'TRENTO STORAGE', 3, '2024-12-05 09:25:00'),
('2024-12-12', 6240, 6430, '', '51.8', 92.62, NULL, 'giuseppe.ferrari', 'QR345ST', 'SP09', 'TRENTO STORAGE', 3, '2024-12-12 14:15:00'),
('2024-12-19', 6430, 6620, '', '56.1', 97.15, NULL, 'giuseppe.ferrari', 'QR345ST', 'SP09', 'TRENTO STORAGE', 3, '2024-12-19 11:40:00'),
('2024-12-26', 6620, 6810, '', '52.6', 93.63, NULL, 'giuseppe.ferrari', 'QR345ST', 'SP09', 'TRENTO STORAGE', 3, '2024-12-26 16:20:00'),
('2024-12-06', 4490, 4670, '', '42.2', 72.16, NULL, 'elena.conti', 'UV678WX', 'SP01', 'PIACENZA-SEDE', 2, '2024-12-06 08:30:00'),
('2024-12-13', 4670, 4850, '', '44.1', 76.73, NULL, 'elena.conti', 'UV678WX', 'SP01', 'PIACENZA-SEDE', 2, '2024-12-13 13:20:00'),
('2024-12-20', 4850, 5030, '', '46.8', 82.37, NULL, 'elena.conti', 'UV678WX', 'SP01', 'PIACENZA-SEDE', 2, '2024-12-20 15:45:00'),
('2024-12-27', 5030, 5210, '', '43.5', 75.26, NULL, 'elena.conti', 'UV678WX', 'SP01', 'PIACENZA-SEDE', 2, '2024-12-27 10:10:00'),

-- GENNAIO 2025
('2025-01-06', 7000, 7170, '', '53.4', 97.19, NULL, 'marco.rossi', 'AB123CD', 'SP01', 'PIACENZA-SEDE', 3, '2025-01-06 08:15:00'),
('2025-01-13', 7170, 7340, '', '51.1', 91.47, NULL, 'marco.rossi', 'AB123CD', 'SP01', 'PIACENZA-SEDE', 3, '2025-01-13 09:30:00'),
('2025-01-20', 7340, 7510, '', '55.1', 97.53, NULL, 'marco.rossi', 'AB123CD', 'SP01', 'PIACENZA-SEDE', 3, '2025-01-20 14:22:00'),
('2025-01-27', 7510, 7680, '', '51.2', 92.16, NULL, 'marco.rossi', 'AB123CD', 'SP01', 'PIACENZA-SEDE', 3, '2025-01-27 16:45:00'),
('2025-01-05', 6410, 6590, '', '47.9', 85.36, NULL, 'anna.verdi', 'EF456GH', 'SP07', 'CALMASINO', 3, '2025-01-05 10:20:00'),
('2025-01-12', 6590, 6770, '', '49.7', 90.06, NULL, 'anna.verdi', 'EF456GH', 'SP07', 'CALMASINO', 3, '2025-01-12 15:35:00'),
('2025-01-19', 6770, 6950, '', '51.4', 90.05, NULL, 'anna.verdi', 'EF456GH', 'SP07', 'CALMASINO', 3, '2025-01-19 08:55:00'),
('2025-01-26', 6950, 7130, '', '45.8', 82.08, NULL, 'anna.verdi', 'EF456GH', 'SP07', 'CALMASINO', 3, '2025-01-26 13:25:00'),
('2025-01-07', 7750, 7940, '', '60.1', 110.08, NULL, 'luigi.bianchi', 'IJ789KL', 'SP08', 'EXPRESS TRENTO', 3, '2025-01-07 07:45:00'),
('2025-01-14', 7940, 8130, '', '62.5', 112.50, NULL, 'luigi.bianchi', 'IJ789KL', 'SP08', 'EXPRESS TRENTO', 3, '2025-01-14 16:20:00'),
('2025-01-21', 8130, 8320, '', '57.2', 101.82, NULL, 'luigi.bianchi', 'IJ789KL', 'SP08', 'EXPRESS TRENTO', 3, '2025-01-21 12:40:00'),
('2025-01-28', 8320, 8510, '', '54.7', 99.75, NULL, 'luigi.bianchi', 'IJ789KL', 'SP08', 'EXPRESS TRENTO', 3, '2025-01-28 09:15:00'),
('2025-01-08', 6240, 6430, '', '46.4', 81.66, NULL, 'sofia.neri', 'MN012OP', 'SP10', 'BORGO LARES', 3, '2025-01-08 11:30:00'),
('2025-01-15', 6430, 6620, '', '48.9', 87.53, NULL, 'sofia.neri', 'MN012OP', 'SP10', 'BORGO LARES', 3, '2025-01-15 14:50:00'),
('2025-01-22', 6620, 6810, '', '45.5', 80.64, NULL, 'sofia.neri', 'MN012OP', 'SP10', 'BORGO LARES', 3, '2025-01-22 10:25:00'),
('2025-01-29', 6810, 7000, '', '49.1', 88.97, NULL, 'sofia.neri', 'MN012OP', 'SP10', 'BORGO LARES', 3, '2025-01-29 15:40:00'),
('2025-01-09', 6810, 7000, '', '55.3', 98.53, NULL, 'giuseppe.ferrari', 'QR345ST', 'SP09', 'TRENTO STORAGE', 3, '2025-01-09 09:25:00'),
('2025-01-16', 7000, 7190, '', '52.8', 95.57, NULL, 'giuseppe.ferrari', 'QR345ST', 'SP09', 'TRENTO STORAGE', 3, '2025-01-16 14:15:00'),
('2025-01-23', 7190, 7380, '', '57.1', 99.93, NULL, 'giuseppe.ferrari', 'QR345ST', 'SP09', 'TRENTO STORAGE', 3, '2025-01-23 11:40:00'),
('2025-01-30', 7380, 7570, '', '53.6', 96.48, NULL, 'giuseppe.ferrari', 'QR345ST', 'SP09', 'TRENTO STORAGE', 3, '2025-01-30 16:20:00'),
('2025-01-10', 5210, 5390, '', '43.2', 74.74, NULL, 'elena.conti', 'UV678WX', 'SP01', 'PIACENZA-SEDE', 2, '2025-01-10 08:30:00'),
('2025-01-17', 5390, 5570, '', '45.1', 79.38, NULL, 'elena.conti', 'UV678WX', 'SP01', 'PIACENZA-SEDE', 2, '2025-01-17 13:20:00'),
('2025-01-24', 5570, 5750, '', '47.8', 85.08, NULL, 'elena.conti', 'UV678WX', 'SP01', 'PIACENZA-SEDE', 2, '2025-01-24 15:45:00'),
('2025-01-31', 5750, 5930, '', '44.5', 77.88, NULL, 'elena.conti', 'UV678WX', 'SP01', 'PIACENZA-SEDE', 2, '2025-01-31 10:10:00'),

-- FEBBRAIO 2025
('2025-02-03', 7680, 7850, '', '54.5', 100.38, NULL, 'marco.rossi', 'AB123CD', 'SP01', 'PIACENZA-SEDE', 3, '2025-02-03 08:15:00'),
('2025-02-10', 7850, 8020, '', '52.2', 94.58, NULL, 'marco.rossi', 'AB123CD', 'SP01', 'PIACENZA-SEDE', 3, '2025-02-10 09:30:00'),
('2025-02-17', 8020, 8190, '', '56.2', 100.60, NULL, 'marco.rossi', 'AB123CD', 'SP01', 'PIACENZA-SEDE', 3, '2025-02-17 14:22:00'),
('2025-02-24', 8190, 8360, '', '52.3', 95.09, NULL, 'marco.rossi', 'AB123CD', 'SP01', 'PIACENZA-SEDE', 3, '2025-02-24 16:45:00'),
('2025-02-02', 7130, 7310, '', '49.0', 88.20, NULL, 'anna.verdi', 'EF456GH', 'SP07', 'CALMASINO', 3, '2025-02-02 10:20:00'),
('2025-02-09', 7310, 7490, '', '50.8', 93.26, NULL, 'anna.verdi', 'EF456GH', 'SP07', 'CALMASINO', 3, '2025-02-09 15:35:00'),
('2025-02-16', 7490, 7670, '', '52.5', 92.93, NULL, 'anna.verdi', 'EF456GH', 'SP07', 'CALMASINO', 3, '2025-02-16 08:55:00'),
('2025-02-23', 7670, 7850, '', '46.9', 85.19, NULL, 'anna.verdi', 'EF456GH', 'SP07', 'CALMASINO', 3, '2025-02-23 13:25:00'),
('2025-02-04', 8510, 8700, '', '61.2', 113.22, NULL, 'luigi.bianchi', 'IJ789KL', 'SP08', 'EXPRESS TRENTO', 3, '2025-02-04 07:45:00'),
('2025-02-11', 8700, 8890, '', '63.6', 115.75, NULL, 'luigi.bianchi', 'IJ789KL', 'SP08', 'EXPRESS TRENTO', 3, '2025-02-11 16:20:00'),
('2025-02-18', 8890, 9080, '', '58.3', 104.94, NULL, 'luigi.bianchi', 'IJ789KL', 'SP08', 'EXPRESS TRENTO', 3, '2025-02-18 12:40:00'),
('2025-02-25', 9080, 9270, '', '55.8', 102.67, NULL, 'luigi.bianchi', 'IJ789KL', 'SP08', 'EXPRESS TRENTO', 3, '2025-02-25 09:15:00'),
('2025-02-05', 7000, 7190, '', '47.4', 84.57, NULL, 'sofia.neri', 'MN012OP', 'SP10', 'BORGO LARES', 3, '2025-02-05 11:30:00'),
('2025-02-12', 7190, 7380, '', '49.9', 90.42, NULL, 'sofia.neri', 'MN012OP', 'SP10', 'BORGO LARES', 3, '2025-02-12 14:50:00'),
('2025-02-19', 7380, 7570, '', '46.5', 83.24, NULL, 'sofia.neri', 'MN012OP', 'SP10', 'BORGO LARES', 3, '2025-02-19 10:25:00'),
('2025-02-26', 7570, 7760, '', '50.1', 91.68, NULL, 'sofia.neri', 'MN012OP', 'SP10', 'BORGO LARES', 3, '2025-02-26 15:40:00'),
('2025-02-06', 7570, 7760, '', '56.3', 101.34, NULL, 'giuseppe.ferrari', 'QR345ST', 'SP09', 'TRENTO STORAGE', 3, '2025-02-06 09:25:00'),
('2025-02-13', 7760, 7950, '', '53.8', 98.35, NULL, 'giuseppe.ferrari', 'QR345ST', 'SP09', 'TRENTO STORAGE', 3, '2025-02-13 14:15:00'),
('2025-02-20', 7950, 8140, '', '58.1', 102.64, NULL, 'giuseppe.ferrari', 'QR345ST', 'SP09', 'TRENTO STORAGE', 3, '2025-02-20 11:40:00'),
('2025-02-27', 8140, 8330, '', '54.6', 99.37, NULL, 'giuseppe.ferrari', 'QR345ST', 'SP09', 'TRENTO STORAGE', 3, '2025-02-27 16:20:00'),
('2025-02-07', 5930, 6110, '', '44.2', 77.35, NULL, 'elena.conti', 'UV678WX', 'SP01', 'PIACENZA-SEDE', 2, '2025-02-07 08:30:00'),
('2025-02-14', 6110, 6290, '', '46.1', 82.06, NULL, 'elena.conti', 'UV678WX', 'SP01', 'PIACENZA-SEDE', 2, '2025-02-14 13:20:00'),
('2025-02-21', 6290, 6470, '', '48.8', 87.84, NULL, 'elena.conti', 'UV678WX', 'SP01', 'PIACENZA-SEDE', 2, '2025-02-21 15:45:00'),
('2025-02-28', 6470, 6650, '', '45.5', 80.64, NULL, 'elena.conti', 'UV678WX', 'SP01', 'PIACENZA-SEDE', 2, '2025-02-28 10:10:00'),

-- MARZO 2025
('2025-03-03', 8360, 8530, '', '55.6', 103.42, NULL, 'marco.rossi', 'AB123CD', 'SP01', 'PIACENZA-SEDE', 3, '2025-03-03 08:15:00'),
('2025-03-10', 8530, 8700, '', '53.3', 97.64, NULL, 'marco.rossi', 'AB123CD', 'SP01', 'PIACENZA-SEDE', 3, '2025-03-10 09:30:00'),
('2025-03-17', 8700, 8870, '', '57.3', 103.51, NULL, 'marco.rossi', 'AB123CD', 'SP01', 'PIACENZA-SEDE', 3, '2025-03-17 14:22:00'),
('2025-03-24', 8870, 9040, '', '53.4', 98.06, NULL, 'marco.rossi', 'AB123CD', 'SP01', 'PIACENZA-SEDE', 3, '2025-03-24 16:45:00'),
('2025-03-31', 9040, 9210, '', '54.5', 97.46, NULL, 'marco.rossi', 'AB123CD', 'SP01', 'PIACENZA-SEDE', 3, '2025-03-31 11:10:00'),
('2025-03-02', 7850, 8030, '', '50.1', 91.28, NULL, 'anna.verdi', 'EF456GH', 'SP07', 'CALMASINO', 3, '2025-03-02 10:20:00'),
('2025-03-09', 8030, 8210, '', '51.9', 96.12, NULL, 'anna.verdi', 'EF456GH', 'SP07', 'CALMASINO', 3, '2025-03-09 15:35:00'),
('2025-03-16', 8210, 8390, '', '53.6', 95.74, NULL, 'anna.verdi', 'EF456GH', 'SP07', 'CALMASINO', 3, '2025-03-16 08:55:00'),
('2025-03-23', 8390, 8570, '', '48.0', 87.84, NULL, 'anna.verdi', 'EF456GH', 'SP07', 'CALMASINO', 3, '2025-03-23 13:25:00'),
('2025-03-30', 8570, 8750, '', '50.0', 90.50, NULL, 'anna.verdi', 'EF456GH', 'SP07', 'CALMASINO', 3, '2025-03-30 12:50:00'),
('2025-03-04', 9270, 9460, '', '62.3', 116.30, NULL, 'luigi.bianchi', 'IJ789KL', 'SP08', 'EXPRESS TRENTO', 3, '2025-03-04 07:45:00'),
('2025-03-11', 9460, 9650, '', '64.7', 118.65, NULL, 'luigi.bianchi', 'IJ789KL', 'SP08', 'EXPRESS TRENTO', 3, '2025-03-11 16:20:00'),
('2025-03-18', 9650, 9840, '', '59.4', 107.91, NULL, 'luigi.bianchi', 'IJ789KL', 'SP08', 'EXPRESS TRENTO', 3, '2025-03-18 12:40:00'),
('2025-03-25', 9840, 10030, '', '56.9', 105.53, NULL, 'luigi.bianchi', 'IJ789KL', 'SP08', 'EXPRESS TRENTO', 3, '2025-03-25 09:15:00'),
('2025-03-05', 7760, 7950, '', '48.4', 87.12, NULL, 'sofia.neri', 'MN012OP', 'SP10', 'BORGO LARES', 3, '2025-03-05 11:30:00'),
('2025-03-12', 7950, 8140, '', '50.9', 93.25, NULL, 'sofia.neri', 'MN012OP', 'SP10', 'BORGO LARES', 3, '2025-03-12 14:50:00'),
('2025-03-19', 8140, 8330, '', '47.5', 86.18, NULL, 'sofia.neri', 'MN012OP', 'SP10', 'BORGO LARES', 3, '2025-03-19 10:25:00'),
('2025-03-26', 8330, 8520, '', '51.1', 94.34, NULL, 'sofia.neri', 'MN012OP', 'SP10', 'BORGO LARES', 3, '2025-03-26 15:40:00'),
('2025-03-06', 8330, 8520, '', '57.3', 104.09, NULL, 'giuseppe.ferrari', 'QR345ST', 'SP09', 'TRENTO STORAGE', 3, '2025-03-06 09:25:00'),
('2025-03-13', 8520, 8710, '', '54.8', 101.08, NULL, 'giuseppe.ferrari', 'QR345ST', 'SP09', 'TRENTO STORAGE', 3, '2025-03-13 14:15:00'),
('2025-03-20', 8710, 8900, '', '59.1', 105.29, NULL, 'giuseppe.ferrari', 'QR345ST', 'SP09', 'TRENTO STORAGE', 3, '2025-03-20 11:40:00'),
('2025-03-27', 8900, 9090, '', '55.6', 102.14, NULL, 'giuseppe.ferrari', 'QR345ST', 'SP09', 'TRENTO STORAGE', 3, '2025-03-27 16:20:00'),
('2025-03-07', 6650, 6830, '', '45.2', 80.00, NULL, 'elena.conti', 'UV678WX', 'SP01', 'PIACENZA-SEDE', 2, '2025-03-07 08:30:00'),
('2025-03-14', 6830, 7010, '', '47.1', 84.78, NULL, 'elena.conti', 'UV678WX', 'SP01', 'PIACENZA-SEDE', 2, '2025-03-14 13:20:00'),
('2025-03-21', 7010, 7190, '', '49.8', 90.84, NULL, 'elena.conti', 'UV678WX', 'SP01', 'PIACENZA-SEDE', 2, '2025-03-21 15:45:00'),
('2025-03-28', 7190, 7370, '', '46.5', 83.24, NULL, 'elena.conti', 'UV678WX', 'SP01', 'PIACENZA-SEDE', 2, '2025-03-28 10:10:00'),

-- APRILE 2025
('2025-04-07', 9210, 9380, '', '56.7', 106.42, NULL, 'marco.rossi', 'AB123CD', 'SP01', 'PIACENZA-SEDE', 3, '2025-04-07 08:15:00'),
('2025-04-14', 9380, 9550, '', '54.4', 100.64, NULL, 'marco.rossi', 'AB123CD', 'SP01', 'PIACENZA-SEDE', 3, '2025-04-14 09:30:00'),
('2025-04-21', 9550, 9720, '', '58.4', 106.27, NULL, 'marco.rossi', 'AB123CD', 'SP01', 'PIACENZA-SEDE', 3, '2025-04-21 14:22:00'),
('2025-04-28', 9720, 9890, '', '54.5', 101.07, NULL, 'marco.rossi', 'AB123CD', 'SP01', 'PIACENZA-SEDE', 3, '2025-04-28 16:45:00'),
('2025-04-06', 8750, 8930, '', '51.2', 94.21, NULL, 'anna.verdi', 'EF456GH', 'SP07', 'CALMASINO', 3, '2025-04-06 10:20:00'),
('2025-04-13', 8930, 9110, '', '53.0', 98.81, NULL, 'anna.verdi', 'EF456GH', 'SP07', 'CALMASINO', 3, '2025-04-13 15:35:00'),
('2025-04-20', 9110, 9290, '', '54.7', 98.41, NULL, 'anna.verdi', 'EF456GH', 'SP07', 'CALMASINO', 3, '2025-04-20 08:55:00'),
('2025-04-27', 9290, 9470, '', '49.1', 90.64, NULL, 'anna.verdi', 'EF456GH', 'SP07', 'CALMASINO', 3, '2025-04-27 13:25:00'),
('2025-04-08', 10030, 10220, '', '63.4', 119.33, NULL, 'luigi.bianchi', 'IJ789KL', 'SP08', 'EXPRESS TRENTO', 3, '2025-04-08 07:45:00'),
('2025-04-15', 10220, 10410, '', '65.8', 121.39, NULL, 'luigi.bianchi', 'IJ789KL', 'SP08', 'EXPRESS TRENTO', 3, '2025-04-15 16:20:00'),
('2025-04-22', 10410, 10600, '', '60.5', 110.67, NULL, 'luigi.bianchi', 'IJ789KL', 'SP08', 'EXPRESS TRENTO', 3, '2025-04-22 12:40:00'),
('2025-04-29', 10600, 10790, '', '58.0', 108.24, NULL, 'luigi.bianchi', 'IJ789KL', 'SP08', 'EXPRESS TRENTO', 3, '2025-04-29 09:15:00'),
('2025-04-09', 8520, 8710, '', '49.4', 90.01, NULL, 'sofia.neri', 'MN012OP', 'SP10', 'BORGO LARES', 3, '2025-04-09 11:30:00'),
('2025-04-16', 8710, 8900, '', '51.9', 96.02, NULL, 'sofia.neri', 'MN012OP', 'SP10', 'BORGO LARES', 3, '2025-04-16 14:50:00'),
('2025-04-23', 8900, 9090, '', '48.5', 89.06, NULL, 'sofia.neri', 'MN012OP', 'SP10', 'BORGO LARES', 3, '2025-04-23 10:25:00'),
('2025-04-30', 9090, 9280, '', '52.1', 97.03, NULL, 'sofia.neri', 'MN012OP', 'SP10', 'BORGO LARES', 3, '2025-04-30 15:40:00'),
('2025-04-10', 9090, 9280, '', '58.3', 106.77, NULL, 'giuseppe.ferrari', 'QR345ST', 'SP09', 'TRENTO STORAGE', 3, '2025-04-10 09:25:00'),
('2025-04-17', 9280, 9470, '', '55.8', 103.95, NULL, 'giuseppe.ferrari', 'QR345ST', 'SP09', 'TRENTO STORAGE', 3, '2025-04-17 14:15:00'),
('2025-04-24', 9470, 9660, '', '60.1', 108.78, NULL, 'giuseppe.ferrari', 'QR345ST', 'SP09', 'TRENTO STORAGE', 3, '2025-04-24 11:40:00'),
('2025-04-31', 9660, 9850, '', '56.6', 104.88, NULL, 'giuseppe.ferrari', 'QR345ST', 'SP09', 'TRENTO STORAGE', 3, '2025-04-31 16:20:00'),
('2025-04-11', 7370, 7550, '', '46.2', 82.60, NULL, 'elena.conti', 'UV678WX', 'SP01', 'PIACENZA-SEDE', 2, '2025-04-11 08:30:00'),
('2025-04-18', 7550, 7730, '', '48.1', 87.52, NULL, 'elena.conti', 'UV678WX', 'SP01', 'PIACENZA-SEDE', 2, '2025-04-18 13:20:00'),
('2025-04-25', 7730, 7910, '', '50.8', 93.47, NULL, 'elena.conti', 'UV678WX', 'SP01', 'PIACENZA-SEDE', 2, '2025-04-25 15:45:00'),
('2025-05-02', 7910, 8090, '', '47.5', 86.18, NULL, 'elena.conti', 'UV678WX', 'SP01', 'PIACENZA-SEDE', 2, '2025-05-02 10:10:00'),

-- MAGGIO 2025
('2025-05-05', 9890, 10060, '', '57.8', 109.82, NULL, 'marco.rossi', 'AB123CD', 'SP01', 'PIACENZA-SEDE', 3, '2025-05-05 08:15:00'),
('2025-05-12', 10060, 10230, '', '55.5', 103.69, NULL, 'marco.rossi', 'AB123CD', 'SP01', 'PIACENZA-SEDE', 3, '2025-05-12 09:30:00'),
('2025-05-19', 10230, 10400, '', '59.5', 109.08, NULL, 'marco.rossi', 'AB123CD', 'SP01', 'PIACENZA-SEDE', 3, '2025-05-19 14:22:00'),
('2025-05-26', 10400, 10570, '', '55.6', 104.13, NULL, 'marco.rossi', 'AB123CD', 'SP01', 'PIACENZA-SEDE', 3, '2025-05-26 16:45:00'),
('2025-05-04', 9470, 9650, '', '52.3', 97.18, NULL, 'anna.verdi', 'EF456GH', 'SP07', 'CALMASINO', 3, '2025-05-04 10:20:00'),
('2025-05-11', 9650, 9830, '', '54.1', 101.55, NULL, 'anna.verdi', 'EF456GH', 'SP07', 'CALMASINO', 3, '2025-05-11 15:35:00'),
('2025-05-18', 9830, 10010, '', '55.8', 101.11, NULL, 'anna.verdi', 'EF456GH', 'SP07', 'CALMASINO', 3, '2025-05-18 08:55:00'),
('2025-05-25', 10010, 10190, '', '50.2', 93.37, NULL, 'anna.verdi', 'EF456GH', 'SP07', 'CALMASINO', 3, '2025-05-25 13:25:00'),
('2025-05-06', 10790, 10980, '', '64.5', 122.30, NULL, 'luigi.bianchi', 'IJ789KL', 'SP08', 'EXPRESS TRENTO', 3, '2025-05-06 07:45:00'),
('2025-05-13', 10980, 11170, '', '66.9', 124.07, NULL, 'luigi.bianchi', 'IJ789KL', 'SP08', 'EXPRESS TRENTO', 3, '2025-05-13 16:20:00'),
('2025-05-20', 11170, 11360, '', '61.6', 113.38, NULL, 'luigi.bianchi', 'IJ789KL', 'SP08', 'EXPRESS TRENTO', 3, '2025-05-20 12:40:00'),
('2025-05-27', 11360, 11550, '', '59.1', 111.29, NULL, 'luigi.bianchi', 'IJ789KL', 'SP08', 'EXPRESS TRENTO', 3, '2025-05-27 09:15:00'),
('2025-05-07', 9280, 9470, '', '50.4', 92.74, NULL, 'sofia.neri', 'MN012OP', 'SP10', 'BORGO LARES', 3, '2025-05-07 11:30:00'),
('2025-05-14', 9470, 9660, '', '52.9', 98.72, NULL, 'sofia.neri', 'MN012OP', 'SP10', 'BORGO LARES', 3, '2025-05-14 14:50:00'),
('2025-05-21', 9660, 9850, '', '49.5', 91.58, NULL, 'sofia.neri', 'MN012OP', 'SP10', 'BORGO LARES', 3, '2025-05-21 10:25:00'),
('2025-05-28', 9850, 10040, '', '53.1', 99.66, NULL, 'sofia.neri', 'MN012OP', 'SP10', 'BORGO LARES', 3, '2025-05-28 15:40:00'),
('2025-05-08', 9850, 10040, '', '59.3', 109.40, NULL, 'giuseppe.ferrari', 'QR345ST', 'SP09', 'TRENTO STORAGE', 3, '2025-05-08 09:25:00'),
('2025-05-15', 10040, 10230, '', '56.8', 106.75, NULL, 'giuseppe.ferrari', 'QR345ST', 'SP09', 'TRENTO STORAGE', 3, '2025-05-15 14:15:00'),
('2025-05-22', 10230, 10420, '', '61.1', 111.31, NULL, 'giuseppe.ferrari', 'QR345ST', 'SP09', 'TRENTO STORAGE', 3, '2025-05-22 11:40:00'),
('2025-05-29', 10420, 10610, '', '57.6', 107.49, NULL, 'giuseppe.ferrari', 'QR345ST', 'SP09', 'TRENTO STORAGE', 3, '2025-05-29 16:20:00'),
('2025-05-09', 8090, 8270, '', '47.2', 85.63, NULL, 'elena.conti', 'UV678WX', 'SP01', 'PIACENZA-SEDE', 2, '2025-05-09 08:30:00'),
('2025-05-16', 8270, 8450, '', '49.1', 90.34, NULL, 'elena.conti', 'UV678WX', 'SP01', 'PIACENZA-SEDE', 2, '2025-05-16 13:20:00'),
('2025-05-23', 8450, 8630, '', '51.8', 96.35, NULL, 'elena.conti', 'UV678WX', 'SP01', 'PIACENZA-SEDE', 2, '2025-05-23 15:45:00'),
('2025-05-30', 8630, 8810, '', '48.5', 89.06, NULL, 'elena.conti', 'UV678WX', 'SP01', 'PIACENZA-SEDE', 2, '2025-05-30 10:10:00'),

-- GIUGNO 2025
('2025-06-02', 10570, 10740, '', '58.9', 112.89, NULL, 'marco.rossi', 'AB123CD', 'SP01', 'PIACENZA-SEDE', 3, '2025-06-02 08:15:00'),
('2025-06-09', 10740, 10910, '', '56.6', 106.77, NULL, 'marco.rossi', 'AB123CD', 'SP01', 'PIACENZA-SEDE', 3, '2025-06-09 09:30:00'),
('2025-06-16', 10910, 11080, '', '60.6', 111.92, NULL, 'marco.rossi', 'AB123CD', 'SP01', 'PIACENZA-SEDE', 3, '2025-06-16 14:22:00'),
('2025-06-23', 11080, 11250, '', '56.7', 107.73, NULL, 'marco.rossi', 'AB123CD', 'SP01', 'PIACENZA-SEDE', 3, '2025-06-23 16:45:00'),
('2025-06-30', 11250, 11420, '', '57.8', 106.63, NULL, 'marco.rossi', 'AB123CD', 'SP01', 'PIACENZA-SEDE', 3, '2025-06-30 11:10:00'),
('2025-06-01', 10190, 10370, '', '53.4', 100.19, NULL, 'anna.verdi', 'EF456GH', 'SP07', 'CALMASINO', 3, '2025-06-01 10:20:00'),
('2025-06-08', 10370, 10550, '', '55.2', 104.83, NULL, 'anna.verdi', 'EF456GH', 'SP07', 'CALMASINO', 3, '2025-06-08 15:35:00'),
('2025-06-15', 10550, 10730, '', '56.9', 103.87, NULL, 'anna.verdi', 'EF456GH', 'SP07', 'CALMASINO', 3, '2025-06-15 08:55:00'),
('2025-06-22', 10730, 10910, '', '51.3', 96.16, NULL, 'anna.verdi', 'EF456GH', 'SP07', 'CALMASINO', 3, '2025-06-22 13:25:00'),
('2025-06-29', 10910, 11090, '', '53.3', 99.37, NULL, 'anna.verdi', 'EF456GH', 'SP07', 'CALMASINO', 3, '2025-06-29 12:50:00'),
('2025-06-03', 11550, 11740, '', '65.6', 125.21, NULL, 'luigi.bianchi', 'IJ789KL', 'SP08', 'EXPRESS TRENTO', 3, '2025-06-03 07:45:00'),
('2025-06-10', 11740, 11930, '', '68.0', 129.20, NULL, 'luigi.bianchi', 'IJ789KL', 'SP08', 'EXPRESS TRENTO', 3, '2025-06-10 16:20:00'),
('2025-06-17', 11930, 12120, '', '62.7', 116.06, NULL, 'luigi.bianchi', 'IJ789KL', 'SP08', 'EXPRESS TRENTO', 3, '2025-06-17 12:40:00'),
('2025-06-24', 12120, 12310, '', '60.2', 115.58, NULL, 'luigi.bianchi', 'IJ789KL', 'SP08', 'EXPRESS TRENTO', 3, '2025-06-24 09:15:00'),
('2025-06-04', 10040, 10230, '', '51.4', 95.40, NULL, 'sofia.neri', 'MN012OP', 'SP10', 'BORGO LARES', 3, '2025-06-04 11:30:00'),
('2025-06-11', 10230, 10420, '', '53.9', 101.37, NULL, 'sofia.neri', 'MN012OP', 'SP10', 'BORGO LARES', 3, '2025-06-11 14:50:00'),
('2025-06-18', 10420, 10610, '', '50.5', 94.04, NULL, 'sofia.neri', 'MN012OP', 'SP10', 'BORGO LARES', 3, '2025-06-18 10:25:00'),
('2025-06-25', 10610, 10800, '', '54.1', 102.23, NULL, 'sofia.neri', 'MN012OP', 'SP10', 'BORGO LARES', 3, '2025-06-25 15:40:00'),
('2025-06-05', 10610, 10800, '', '60.3', 112.96, NULL, 'giuseppe.ferrari', 'QR345ST', 'SP09', 'TRENTO STORAGE', 3, '2025-06-05 09:25:00'),
('2025-06-12', 10800, 10990, '', '57.8', 109.70, NULL, 'giuseppe.ferrari', 'QR345ST', 'SP09', 'TRENTO STORAGE', 3, '2025-06-12 14:15:00'),
('2025-06-19', 10990, 11180, '', '62.1', 113.79, NULL, 'giuseppe.ferrari', 'QR345ST', 'SP09', 'TRENTO STORAGE', 3, '2025-06-19 11:40:00'),
('2025-06-26', 11180, 11370, '', '58.6', 110.74, NULL, 'giuseppe.ferrari', 'QR345ST', 'SP09', 'TRENTO STORAGE', 3, '2025-06-26 16:20:00'),
('2025-06-06', 8810, 8990, '', '48.2', 88.31, NULL, 'elena.conti', 'UV678WX', 'SP01', 'PIACENZA-SEDE', 2, '2025-06-06 08:30:00'),
('2025-06-13', 8990, 9170, '', '50.1', 93.09, NULL, 'elena.conti', 'UV678WX', 'SP01', 'PIACENZA-SEDE', 2, '2025-06-13 13:20:00'),
('2025-06-20', 9170, 9350, '', '52.8', 98.94, NULL, 'elena.conti', 'UV678WX', 'SP01', 'PIACENZA-SEDE', 2, '2025-06-20 15:45:00'),
('2025-06-27', 9350, 9530, '', '49.5', 91.58, NULL, 'elena.conti', 'UV678WX', 'SP01', 'PIACENZA-SEDE', 2, '2025-06-27 10:10:00'),

-- LUGLIO 2025
('2025-07-07', 11420, 11590, '', '61.1', 119.76, NULL, 'marco.rossi', 'AB123CD', 'SP01', 'PIACENZA-SEDE', 3, '2025-07-07 08:15:00'),
('2025-07-14', 11590, 11760, '', '58.8', 113.48, NULL, 'marco.rossi', 'AB123CD', 'SP01', 'PIACENZA-SEDE', 3, '2025-07-14 09:30:00'),
('2025-07-21', 11760, 11930, '', '62.8', 119.95, NULL, 'marco.rossi', 'AB123CD', 'SP01', 'PIACENZA-SEDE', 3, '2025-07-21 14:22:00'),
('2025-07-28', 11930, 12100, '', '58.9', 114.37, NULL, 'marco.rossi', 'AB123CD', 'SP01', 'PIACENZA-SEDE', 3, '2025-07-28 16:45:00'),
('2025-07-06', 11090, 11270, '', '54.5', 103.55, NULL, 'anna.verdi', 'EF456GH', 'SP07', 'CALMASINO', 3, '2025-07-06 10:20:00'),
('2025-07-13', 11270, 11450, '', '56.3', 108.46, NULL, 'anna.verdi', 'EF456GH', 'SP07', 'CALMASINO', 3, '2025-07-13 15:35:00'),
('2025-07-20', 11450, 11630, '', '58.0', 107.46, NULL, 'anna.verdi', 'EF456GH', 'SP07', 'CALMASINO', 3, '2025-07-20 08:55:00'),
('2025-07-27', 11630, 11810, '', '52.4', 99.88, NULL, 'anna.verdi', 'EF456GH', 'SP07', 'CALMASINO', 3, '2025-07-27 13:25:00'),
('2025-07-08', 12310, 12500, '', '66.7', 129.97, NULL, 'luigi.bianchi', 'IJ789KL', 'SP08', 'EXPRESS TRENTO', 3, '2025-07-08 07:45:00'),
('2025-07-15', 12500, 12690, '', '69.1', 132.77, NULL, 'luigi.bianchi', 'IJ789KL', 'SP08', 'EXPRESS TRENTO', 3, '2025-07-15 16:20:00'),
('2025-07-22', 12690, 12880, '', '63.8', 121.22, NULL, 'luigi.bianchi', 'IJ789KL', 'SP08', 'EXPRESS TRENTO', 3, '2025-07-22 12:40:00'),
('2025-07-29', 12880, 13070, '', '61.3', 119.02, NULL, 'luigi.bianchi', 'IJ789KL', 'SP08', 'EXPRESS TRENTO', 3, '2025-07-29 09:15:00'),
('2025-07-09', 10800, 10990, '', '52.4', 98.11, NULL, 'sofia.neri', 'MN012OP', 'SP10', 'BORGO LARES', 3, '2025-07-09 11:30:00'),
('2025-07-16', 10990, 11180, '', '54.9', 104.96, NULL, 'sofia.neri', 'MN012OP', 'SP10', 'BORGO LARES', 3, '2025-07-16 14:50:00'),
('2025-07-23', 11180, 11370, '', '51.5', 97.24, NULL, 'sofia.neri', 'MN012OP', 'SP10', 'BORGO LARES', 3, '2025-07-23 10:25:00'),
('2025-07-30', 11370, 11560, '', '55.1', 105.74, NULL, 'sofia.neri', 'MN012OP', 'SP10', 'BORGO LARES', 3, '2025-07-30 15:40:00'),
('2025-07-10', 11370, 11560, '', '61.3', 116.47, NULL, 'giuseppe.ferrari', 'QR345ST', 'SP09', 'TRENTO STORAGE', 3, '2025-07-10 09:25:00'),
('2025-07-17', 11560, 11750, '', '58.8', 113.38, NULL, 'giuseppe.ferrari', 'QR345ST', 'SP09', 'TRENTO STORAGE', 3, '2025-07-17 14:15:00'),
('2025-07-24', 11750, 11940, '', '63.1', 117.20, NULL, 'giuseppe.ferrari', 'QR345ST', 'SP09', 'TRENTO STORAGE', 3, '2025-07-24 11:40:00'),
('2025-07-31', 11940, 12130, '', '59.6', 114.83, NULL, 'giuseppe.ferrari', 'QR345ST', 'SP09', 'TRENTO STORAGE', 3, '2025-07-31 16:20:00'),
('2025-07-11', 9530, 9710, '', '49.2', 91.22, NULL, 'elena.conti', 'UV678WX', 'SP01', 'PIACENZA-SEDE', 2, '2025-07-11 08:30:00'),
('2025-07-18', 9710, 9890, '', '51.1', 95.83, NULL, 'elena.conti', 'UV678WX', 'SP01', 'PIACENZA-SEDE', 2, '2025-07-18 13:20:00'),
('2025-07-25', 9890, 10070, '', '53.8', 102.22, NULL, 'elena.conti', 'UV678WX', 'SP01', 'PIACENZA-SEDE', 2, '2025-07-25 15:45:00'),
('2025-08-01', 10070, 10250, '', '50.5', 94.04, NULL, 'elena.conti', 'UV678WX', 'SP01', 'PIACENZA-SEDE', 2, '2025-08-01 10:10:00'),

-- AGOSTO 2025
('2025-08-04', 12100, 12270, '', '61.1', 119.76, NULL, 'marco.rossi', 'AB123CD', 'SP01', 'PIACENZA-SEDE', 3, '2025-08-04 08:15:00'),
('2025-08-11', 12270, 12440, '', '58.8', 113.48, NULL, 'marco.rossi', 'AB123CD', 'SP01', 'PIACENZA-SEDE', 3, '2025-08-11 09:30:00'),
('2025-08-18', 12440, 12610, '', '62.8', 119.95, NULL, 'marco.rossi', 'AB123CD', 'SP01', 'PIACENZA-SEDE', 3, '2025-08-18 14:22:00'),
('2025-08-25', 12610, 12780, '', '58.9', 114.37, NULL, 'marco.rossi', 'AB123CD', 'SP01', 'PIACENZA-SEDE', 3, '2025-08-25 16:45:00'),
('2025-08-03', 11810, 11990, '', '55.6', 106.75, NULL, 'anna.verdi', 'EF456GH', 'SP07', 'CALMASINO', 3, '2025-08-03 10:20:00'),
('2025-08-10', 11990, 12170, '', '57.4', 111.83, NULL, 'anna.verdi', 'EF456GH', 'SP07', 'CALMASINO', 3, '2025-08-10 15:35:00'),
('2025-08-17', 12170, 12350, '', '59.1', 111.80, NULL, 'anna.verdi', 'EF456GH', 'SP07', 'CALMASINO', 3, '2025-08-17 08:55:00'),
('2025-08-24', 12350, 12530, '', '53.5', 103.46, NULL, 'anna.verdi', 'EF456GH', 'SP07', 'CALMASINO', 3, '2025-08-24 13:25:00'),
('2025-08-05', 13070, 13260, '', '67.8', 133.57, NULL, 'luigi.bianchi', 'IJ789KL', 'SP08', 'EXPRESS TRENTO', 3, '2025-08-05 07:45:00'),
('2025-08-12', 13260, 13450, '', '70.2', 136.19, NULL, 'luigi.bianchi', 'IJ789KL', 'SP08', 'EXPRESS TRENTO', 3, '2025-08-12 16:20:00'),
('2025-08-19', 13450, 13640, '', '64.9', 124.61, NULL, 'luigi.bianchi', 'IJ789KL', 'SP08', 'EXPRESS TRENTO', 3, '2025-08-19 12:40:00'),
('2025-08-26', 13640, 13830, '', '62.4', 122.30, NULL, 'luigi.bianchi', 'IJ789KL', 'SP08', 'EXPRESS TRENTO', 3, '2025-08-26 09:15:00'),
('2025-08-06', 11560, 11750, '', '53.4', 101.46, NULL, 'sofia.neri', 'MN012OP', 'SP10', 'BORGO LARES', 3, '2025-08-06 11:30:00'),
('2025-08-13', 11750, 11940, '', '55.9', 108.43, NULL, 'sofia.neri', 'MN012OP', 'SP10', 'BORGO LARES', 3, '2025-08-13 14:50:00'),
('2025-08-20', 11940, 12130, '', '52.5', 100.28, NULL, 'sofia.neri', 'MN012OP', 'SP10', 'BORGO LARES', 3, '2025-08-20 10:25:00'),
('2025-08-27', 12130, 12320, '', '56.1', 109.10, NULL, 'sofia.neri', 'MN012OP', 'SP10', 'BORGO LARES', 3, '2025-08-27 15:40:00'),
('2025-08-07', 12130, 12320, '', '62.3', 119.82, NULL, 'giuseppe.ferrari', 'QR345ST', 'SP09', 'TRENTO STORAGE', 3, '2025-08-07 09:25:00'),
('2025-08-14', 12320, 12510, '', '59.8', 116.51, NULL, 'giuseppe.ferrari', 'QR345ST', 'SP09', 'TRENTO STORAGE', 3, '2025-08-14 14:15:00'),
('2025-08-21', 12510, 12700, '', '64.1', 120.45, NULL, 'giuseppe.ferrari', 'QR345ST', 'SP09', 'TRENTO STORAGE', 3, '2025-08-21 11:40:00'),
('2025-08-28', 12700, 12890, '', '60.6', 118.17, NULL, 'giuseppe.ferrari', 'QR345ST', 'SP09', 'TRENTO STORAGE', 3, '2025-08-28 16:20:00'),
('2025-08-08', 10250, 10430, '', '50.2', 93.87, NULL, 'elena.conti', 'UV678WX', 'SP01', 'PIACENZA-SEDE', 2, '2025-08-08 08:30:00'),
('2025-08-15', 10430, 10610, '', '52.1', 98.99, NULL, 'elena.conti', 'UV678WX', 'SP01', 'PIACENZA-SEDE', 2, '2025-08-15 13:20:00'),
('2025-08-22', 10610, 10790, '', '54.8', 105.62, NULL, 'elena.conti', 'UV678WX', 'SP01', 'PIACENZA-SEDE', 2, '2025-08-22 15:45:00'),
('2025-08-29', 10790, 10970, '', '51.5', 97.24, NULL, 'elena.conti', 'UV678WX', 'SP01', 'PIACENZA-SEDE', 2, '2025-08-29 10:10:00'),

-- SETTEMBRE 2025
('2025-09-01', 12780, 12950, '', '62.2', 123.16, NULL, 'marco.rossi', 'AB123CD', 'SP01', 'PIACENZA-SEDE', 3, '2025-09-01 08:15:00'),
('2025-09-08', 12950, 13120, '', '59.9', 116.61, NULL, 'marco.rossi', 'AB123CD', 'SP01', 'PIACENZA-SEDE', 3, '2025-09-08 09:30:00'),
('2025-09-15', 13120, 13290, '', '63.9', 123.43, NULL, 'marco.rossi', 'AB123CD', 'SP01', 'PIACENZA-SEDE', 3, '2025-09-15 14:22:00'),
('2025-09-22', 13290, 13460, '', '60.0', 117.60, NULL, 'marco.rossi', 'AB123CD', 'SP01', 'PIACENZA-SEDE', 3, '2025-09-22 16:45:00'),
('2025-09-29', 13460, 13630, '', '61.1', 116.70, NULL, 'marco.rossi', 'AB123CD', 'SP01', 'PIACENZA-SEDE', 3, '2025-09-29 11:10:00'),
('2025-09-02', 12530, 12710, '', '56.7', 109.90, NULL, 'anna.verdi', 'EF456GH', 'SP07', 'CALMASINO', 3, '2025-09-02 10:20:00'),
('2025-09-09', 12710, 12890, '', '58.5', 115.15, NULL, 'anna.verdi', 'EF456GH', 'SP07', 'CALMASINO', 3, '2025-09-09 15:35:00'),
('2025-09-16', 12890, 13070, '', '60.2', 115.19, NULL, 'anna.verdi', 'EF456GH', 'SP07', 'CALMASINO', 3, '2025-09-16 08:55:00'),
('2025-09-23', 13070, 13250, '', '54.6', 106.17, NULL, 'anna.verdi', 'EF456GH', 'SP07', 'CALMASINO', 3, '2025-09-23 13:25:00'),
('2025-09-30', 13250, 13430, '', '56.6', 103.74, NULL, 'anna.verdi', 'EF456GH', 'SP07', 'CALMASINO', 3, '2025-09-30 12:50:00'),
('2025-09-03', 13830, 14020, '', '68.9', 136.91, NULL, 'luigi.bianchi', 'IJ789KL', 'SP08', 'EXPRESS TRENTO', 3, '2025-09-03 07:45:00'),
('2025-09-10', 14020, 14210, '', '71.3', 139.65, NULL, 'luigi.bianchi', 'IJ789KL', 'SP08', 'EXPRESS TRENTO', 3, '2025-09-10 16:20:00'),
('2025-09-17', 14210, 14400, '', '66.0', 128.04, NULL, 'luigi.bianchi', 'IJ789KL', 'SP08', 'EXPRESS TRENTO', 3, '2025-09-17 12:40:00'),
('2025-09-24', 14400, 14590, '', '63.5', 125.33, NULL, 'luigi.bianchi', 'IJ789KL', 'SP08', 'EXPRESS TRENTO', 3, '2025-09-24 09:15:00'),
('2025-09-04', 12320, 12510, '', '54.4', 104.45, NULL, 'sofia.neri', 'MN012OP', 'SP10', 'BORGO LARES', 3, '2025-09-04 11:30:00'),
('2025-09-11', 12510, 12700, '', '56.9', 110.86, NULL, 'sofia.neri', 'MN012OP', 'SP10', 'BORGO LARES', 3, '2025-09-11 14:50:00'),
('2025-09-18', 12700, 12890, '', '53.5', 103.06, NULL, 'sofia.neri', 'MN012OP', 'SP10', 'BORGO LARES', 3, '2025-09-18 10:25:00'),
('2025-09-25', 12890, 13080, '', '57.1', 112.39, NULL, 'sofia.neri', 'MN012OP', 'SP10', 'BORGO LARES', 3, '2025-09-25 15:40:00'),
('2025-09-05', 12890, 13080, '', '63.3', 122.90, NULL, 'giuseppe.ferrari', 'QR345ST', 'SP09', 'TRENTO STORAGE', 3, '2025-09-05 09:25:00'),
('2025-09-12', 13080, 13270, '', '60.8', 119.58, NULL, 'giuseppe.ferrari', 'QR345ST', 'SP09', 'TRENTO STORAGE', 3, '2025-09-12 14:15:00'),
('2025-09-19', 13270, 13460, '', '65.1', 124.54, NULL, 'giuseppe.ferrari', 'QR345ST', 'SP09', 'TRENTO STORAGE', 3, '2025-09-19 11:40:00'),
('2025-09-26', 13460, 13650, '', '61.6', 120.74, NULL, 'giuseppe.ferrari', 'QR345ST', 'SP09', 'TRENTO STORAGE', 3, '2025-09-26 16:20:00'),
('2025-09-06', 10970, 11150, '', '51.2', 96.77, NULL, 'elena.conti', 'UV678WX', 'SP01', 'PIACENZA-SEDE', 2, '2025-09-06 08:30:00'),
('2025-09-13', 11150, 11330, '', '53.1', 102.15, NULL, 'elena.conti', 'UV678WX', 'SP01', 'PIACENZA-SEDE', 2, '2025-09-13 13:20:00'),
('2025-09-20', 11330, 11510, '', '55.8', 108.45, NULL, 'elena.conti', 'UV678WX', 'SP01', 'PIACENZA-SEDE', 2, '2025-09-20 15:45:00'),
('2025-09-27', 11510, 11690, '', '52.5', 100.28, NULL, 'elena.conti', 'UV678WX', 'SP01', 'PIACENZA-SEDE', 2, '2025-09-27 10:10:00');

-- ====================================================================
-- FINE INSERIMENTO DATI DI ESEMPIO
-- Totale registrazioni: ~576 voci per 24 mesi (settembre 2023 - settembre 2025)
